date,state,fips,cases
2020-03-10,Cyprus,0,2
2020-03-12,Cyprus,0,6
2020-03-14,Cyprus,0,14
2020-03-15,Cyprus,0,21
2020-03-16,Cyprus,0,30
2020-03-17,Cyprus,0,40
2020-03-18,Cyprus,0,40
2020-03-19,Cyprus,0,58
2020-03-20,Cyprus,0,58
2020-03-21,Cyprus,0,67
2020-03-22,Cyprus,0,84
2020-03-23,Cyprus,0,95
2020-03-24,Cyprus,0,116
2020-03-25,Cyprus,0,124
2020-03-26,Cyprus,0,132
2020-03-27,Cyprus,0,146
2020-03-28,Cyprus,0,162
2020-03-29,Cyprus,0,179
2020-03-30,Cyprus,0,214
2020-03-31,Cyprus,0,230
2020-04-01,Cyprus,0,262
2020-04-02,Cyprus,0,320
2020-04-03,Cyprus,0,356
2020-04-04,Cyprus,0,396
2020-04-05,Cyprus,0,426
2020-04-06,Cyprus,0,446
2020-04-07,Cyprus,0,465
2020-04-08,Cyprus,0,494
2020-04-09,Cyprus,0,526
2020-04-10,Cyprus,0,564
2020-04-11,Cyprus,0,595
2020-04-12,Cyprus,0,616
2020-04-13,Cyprus,0,633
2020-04-14,Cyprus,0,662
2020-04-15,Cyprus,0,695
2020-04-16,Cyprus,0,715
2020-04-17,Cyprus,0,735
2019-12-31,Czechia,0,0
2020-01-01,Czechia,0,0
2020-01-02,Czechia,0,0
2020-01-03,Czechia,0,0
2020-01-04,Czechia,0,0
2020-01-05,Czechia,0,0
2020-01-06,Czechia,0,0
2020-01-07,Czechia,0,0
2020-01-08,Czechia,0,0
2020-01-09,Czechia,0,0
2020-01-10,Czechia,0,0
2020-01-11,Czechia,0,0
2020-01-12,Czechia,0,0
2020-01-13,Czechia,0,0
2020-01-14,Czechia,0,0
2020-01-15,Czechia,0,0
2020-01-16,Czechia,0,0
2020-01-17,Czechia,0,0
2020-01-18,Czechia,0,0
2020-01-19,Czechia,0,0
2020-01-20,Czechia,0,0
2020-01-21,Czechia,0,0
2020-01-22,Czechia,0,0
2020-01-23,Czechia,0,0
2020-01-24,Czechia,0,0
2020-01-25,Czechia,0,0
2020-01-26,Czechia,0,0
2020-01-27,Czechia,0,0
2020-01-28,Czechia,0,0
2020-01-29,Czechia,0,0
2020-01-30,Czechia,0,0
2020-01-31,Czechia,0,0
2020-02-01,Czechia,0,0
2020-02-02,Czechia,0,0
2020-02-03,Czechia,0,0
2020-02-04,Czechia,0,0
2020-02-05,Czechia,0,0
2020-02-06,Czechia,0,0
2020-02-07,Czechia,0,0
2020-02-08,Czechia,0,0
2020-02-09,Czechia,0,0
2020-02-10,Czechia,0,0
2020-02-11,Czechia,0,0
2020-02-12,Czechia,0,0
2020-02-13,Czechia,0,0
2020-02-14,Czechia,0,0
2020-02-15,Czechia,0,0
2020-02-16,Czechia,0,0
2020-02-17,Czechia,0,0
2020-02-18,Czechia,0,0
2020-02-19,Czechia,0,0
2020-02-20,Czechia,0,0
2020-02-21,Czechia,0,0
2020-02-22,Czechia,0,0
2020-02-23,Czechia,0,0
2020-02-24,Czechia,0,0
2020-02-25,Czechia,0,0
2020-02-26,Czechia,0,0
2020-02-27,Czechia,0,0
2020-02-28,Czechia,0,0
2020-02-29,Czechia,0,0
2020-03-01,Czechia,0,0
2020-03-02,Czechia,0,3
2020-03-03,Czechia,0,5
2020-03-04,Czechia,0,5
2020-03-05,Czechia,0,8
2020-03-06,Czechia,0,12
2020-03-07,Czechia,0,19
2020-03-08,Czechia,0,26
2020-03-09,Czechia,0,32
2020-03-10,Czechia,0,40
2020-03-11,Czechia,0,63
2020-03-12,Czechia,0,94
2020-03-13,Czechia,0,116
2020-03-14,Czechia,0,150
2020-03-15,Czechia,0,214
2020-03-16,Czechia,0,298
2020-03-17,Czechia,0,344
2020-03-18,Czechia,0,434
2020-03-19,Czechia,0,522
2020-03-20,Czechia,0,694
2020-03-21,Czechia,0,904
2020-03-22,Czechia,0,995
2020-03-23,Czechia,0,1165
2020-03-24,Czechia,0,1236
2020-03-25,Czechia,0,1394
2020-03-26,Czechia,0,1654
2020-03-27,Czechia,0,2062
2020-03-28,Czechia,0,2279
2020-03-29,Czechia,0,2663
2020-03-30,Czechia,0,2829
2020-03-31,Czechia,0,3002
2020-04-01,Czechia,0,3308
2020-04-02,Czechia,0,3589
2020-04-03,Czechia,0,3858
2020-04-04,Czechia,0,4190
2020-04-05,Czechia,0,4472
2020-04-06,Czechia,0,4587
2020-04-07,Czechia,0,4822
2020-04-08,Czechia,0,5017
2020-04-09,Czechia,0,5312
2020-04-10,Czechia,0,5569
2020-04-11,Czechia,0,5732
2020-04-12,Czechia,0,5902
2020-04-13,Czechia,0,5991
2020-04-14,Czechia,0,6059
2020-04-15,Czechia,0,6141
2020-04-16,Czechia,0,6303
2020-04-17,Czechia,0,6433
2020-03-03,Portugal,0,2
2020-03-04,Portugal,0,4
2020-03-05,Portugal,0,5
2020-03-06,Portugal,0,9
2020-03-07,Portugal,0,13
2020-03-08,Portugal,0,21
2020-03-09,Portugal,0,30
2020-03-10,Portugal,0,39
2020-03-11,Portugal,0,41
2020-03-12,Portugal,0,59
2020-03-13,Portugal,0,78
2020-03-14,Portugal,0,112
2020-03-15,Portugal,0,169
2020-03-16,Portugal,0,245
2020-03-17,Portugal,0,331
2020-03-18,Portugal,0,448
2020-03-19,Portugal,0,642
2020-03-20,Portugal,0,785
2020-03-21,Portugal,0,1020
2020-03-22,Portugal,0,1280
2020-03-23,Portugal,0,1600
2020-03-24,Portugal,0,2060
2020-03-25,Portugal,0,2362
2020-03-26,Portugal,0,2995
2020-03-27,Portugal,0,3544
2020-03-28,Portugal,0,4268
2020-03-29,Portugal,0,5170
2020-03-30,Portugal,0,5962
2020-03-31,Portugal,0,6408
2020-04-01,Portugal,0,7443
2020-04-02,Portugal,0,8251
2020-04-03,Portugal,0,9034
2020-04-04,Portugal,0,9886
2020-04-05,Portugal,0,10524
2020-04-06,Portugal,0,11278
2020-04-07,Portugal,0,11730
2020-04-08,Portugal,0,12442
2020-04-09,Portugal,0,13141
2020-04-10,Portugal,0,13956
2020-04-11,Portugal,0,15472
2020-04-12,Portugal,0,15987
2020-04-13,Portugal,0,16585
2020-04-14,Portugal,0,16934
2020-04-15,Portugal,0,17448
2020-04-16,Portugal,0,18091
2020-04-17,Portugal,0,18841
2020-03-08,Malta,0,3
2020-03-10,Malta,0,4
2020-03-12,Malta,0,6
2020-03-13,Malta,0,9
2020-03-14,Malta,0,12
2020-03-15,Malta,0,18
2020-03-16,Malta,0,21
2020-03-17,Malta,0,30
2020-03-18,Malta,0,38
2020-03-19,Malta,0,48
2020-03-20,Malta,0,53
2020-03-21,Malta,0,64
2020-03-22,Malta,0,73
2020-03-23,Malta,0,90
2020-03-24,Malta,0,107
2020-03-25,Malta,0,120
2020-03-26,Malta,0,129
2020-03-27,Malta,0,134
2020-03-28,Malta,0,139
2020-03-29,Malta,0,149
2020-03-30,Malta,0,151
2020-03-31,Malta,0,156
2020-04-01,Malta,0,167
2020-04-02,Malta,0,188
2020-04-03,Malta,0,195
2020-04-04,Malta,0,202
2020-04-05,Malta,0,213
2020-04-06,Malta,0,234
2020-04-07,Malta,0,241
2020-04-08,Malta,0,293
2020-04-09,Malta,0,299
2020-04-10,Malta,0,337
2020-04-11,Malta,0,350
2020-04-12,Malta,0,370
2020-04-13,Malta,0,378
2020-04-14,Malta,0,384
2020-04-15,Malta,0,393
2020-04-16,Malta,0,399
2020-04-17,Malta,0,412
2019-12-31,Greece,0,0
2020-01-01,Greece,0,0
2020-01-02,Greece,0,0
2020-01-03,Greece,0,0
2020-01-04,Greece,0,0
2020-01-05,Greece,0,0
2020-01-06,Greece,0,0
2020-01-07,Greece,0,0
2020-01-08,Greece,0,0
2020-01-09,Greece,0,0
2020-01-10,Greece,0,0
2020-01-11,Greece,0,0
2020-01-12,Greece,0,0
2020-01-13,Greece,0,0
2020-01-14,Greece,0,0
2020-01-15,Greece,0,0
2020-01-16,Greece,0,0
2020-01-17,Greece,0,0
2020-01-18,Greece,0,0
2020-01-19,Greece,0,0
2020-01-20,Greece,0,0
2020-01-21,Greece,0,0
2020-01-22,Greece,0,0
2020-01-23,Greece,0,0
2020-01-24,Greece,0,0
2020-01-25,Greece,0,0
2020-01-26,Greece,0,0
2020-01-27,Greece,0,0
2020-01-28,Greece,0,0
2020-01-29,Greece,0,0
2020-01-30,Greece,0,0
2020-01-31,Greece,0,0
2020-02-01,Greece,0,0
2020-02-02,Greece,0,0
2020-02-03,Greece,0,0
2020-02-04,Greece,0,0
2020-02-05,Greece,0,0
2020-02-06,Greece,0,0
2020-02-07,Greece,0,0
2020-02-08,Greece,0,0
2020-02-09,Greece,0,0
2020-02-10,Greece,0,0
2020-02-11,Greece,0,0
2020-02-12,Greece,0,0
2020-02-13,Greece,0,0
2020-02-14,Greece,0,0
2020-02-15,Greece,0,0
2020-02-16,Greece,0,0
2020-02-17,Greece,0,0
2020-02-18,Greece,0,0
2020-02-19,Greece,0,0
2020-02-20,Greece,0,0
2020-02-21,Greece,0,0
2020-02-22,Greece,0,0
2020-02-23,Greece,0,0
2020-02-24,Greece,0,0
2020-02-25,Greece,0,0
2020-02-26,Greece,0,0
2020-02-27,Greece,0,1
2020-02-28,Greece,0,3
2020-02-29,Greece,0,4
2020-03-01,Greece,0,7
2020-03-02,Greece,0,7
2020-03-05,Greece,0,10
2020-03-06,Greece,0,32
2020-03-07,Greece,0,45
2020-03-08,Greece,0,66
2020-03-09,Greece,0,73
2020-03-10,Greece,0,84
2020-03-11,Greece,0,90
2020-03-12,Greece,0,99
2020-03-13,Greece,0,133
2020-03-14,Greece,0,190
2020-03-15,Greece,0,228
2020-03-16,Greece,0,331
2020-03-17,Greece,0,352
2020-03-18,Greece,0,387
2020-03-19,Greece,0,418
2020-03-20,Greece,0,464
2020-03-21,Greece,0,495
2020-03-22,Greece,0,530
2020-03-23,Greece,0,624
2020-03-24,Greece,0,695
2020-03-25,Greece,0,743
2020-03-26,Greece,0,821
2020-03-27,Greece,0,892
2020-03-28,Greece,0,966
2020-03-29,Greece,0,1061
2020-03-30,Greece,0,1156
2020-03-31,Greece,0,1212
2020-04-01,Greece,0,1314
2020-04-02,Greece,0,1375
2020-04-03,Greece,0,1514
2020-04-04,Greece,0,1613
2020-04-05,Greece,0,1673
2020-04-06,Greece,0,1735
2020-04-07,Greece,0,1755
2020-04-08,Greece,0,1832
2020-04-09,Greece,0,1884
2020-04-10,Greece,0,1955
2020-04-11,Greece,0,2011
2020-04-12,Greece,0,2081
2020-04-13,Greece,0,2114
2020-04-14,Greece,0,2145
2020-04-15,Greece,0,2170
2020-04-16,Greece,0,2192
2020-04-17,Greece,0,2207
2019-12-31,Austria,0,0
2020-01-01,Austria,0,0
2020-01-02,Austria,0,0
2020-01-03,Austria,0,0
2020-01-04,Austria,0,0
2020-01-05,Austria,0,0
2020-01-06,Austria,0,0
2020-01-07,Austria,0,0
2020-01-08,Austria,0,0
2020-01-09,Austria,0,0
2020-01-10,Austria,0,0
2020-01-11,Austria,0,0
2020-01-12,Austria,0,0
2020-01-13,Austria,0,0
2020-01-14,Austria,0,0
2020-01-15,Austria,0,0
2020-01-16,Austria,0,0
2020-01-17,Austria,0,0
2020-01-18,Austria,0,0
2020-01-19,Austria,0,0
2020-01-20,Austria,0,0
2020-01-21,Austria,0,0
2020-01-22,Austria,0,0
2020-01-23,Austria,0,0
2020-01-24,Austria,0,0
2020-01-25,Austria,0,0
2020-01-26,Austria,0,0
2020-01-27,Austria,0,0
2020-01-28,Austria,0,0
2020-01-29,Austria,0,0
2020-01-30,Austria,0,0
2020-01-31,Austria,0,0
2020-02-01,Austria,0,0
2020-02-02,Austria,0,0
2020-02-03,Austria,0,0
2020-02-04,Austria,0,0
2020-02-05,Austria,0,0
2020-02-06,Austria,0,0
2020-02-07,Austria,0,0
2020-02-08,Austria,0,0
2020-02-09,Austria,0,0
2020-02-10,Austria,0,0
2020-02-11,Austria,0,0
2020-02-12,Austria,0,0
2020-02-13,Austria,0,0
2020-02-14,Austria,0,0
2020-02-15,Austria,0,0
2020-02-16,Austria,0,0
2020-02-17,Austria,0,0
2020-02-18,Austria,0,0
2020-02-19,Austria,0,0
2020-02-20,Austria,0,0
2020-02-21,Austria,0,0
2020-02-22,Austria,0,0
2020-02-23,Austria,0,0
2020-02-24,Austria,0,0
2020-02-25,Austria,0,0
2020-02-26,Austria,0,2
2020-02-27,Austria,0,2
2020-02-28,Austria,0,5
2020-02-29,Austria,0,7
2020-03-01,Austria,0,10
2020-03-02,Austria,0,14
2020-03-03,Austria,0,18
2020-03-04,Austria,0,24
2020-03-05,Austria,0,29
2020-03-06,Austria,0,41
2020-03-07,Austria,0,74
2020-03-08,Austria,0,99
2020-03-09,Austria,0,102
2020-03-10,Austria,0,131
2020-03-11,Austria,0,182
2020-03-12,Austria,0,246
2020-03-13,Austria,0,361
2020-03-14,Austria,0,504
2020-03-15,Austria,0,655
2020-03-16,Austria,0,860
2020-03-17,Austria,0,1016
2020-03-18,Austria,0,1332
2020-03-19,Austria,0,1646
2020-03-20,Austria,0,2196
2020-03-21,Austria,0,2649
2020-03-22,Austria,0,3024
2020-03-23,Austria,0,3631
2020-03-24,Austria,0,4486
2020-03-25,Austria,0,5282
2020-03-26,Austria,0,5888
2020-03-27,Austria,0,7029
2020-03-28,Austria,0,7697
2020-03-29,Austria,0,8291
2020-03-30,Austria,0,8813
2020-03-31,Austria,0,9618
2020-04-01,Austria,0,10182
2020-04-02,Austria,0,10711
2020-04-03,Austria,0,11129
2020-04-04,Austria,0,11525
2020-04-05,Austria,0,11766
2020-04-06,Austria,0,11983
2020-04-07,Austria,0,12297
2020-04-08,Austria,0,12640
2020-04-09,Austria,0,12969
2020-04-10,Austria,0,13248
2020-04-11,Austria,0,13560
2020-04-12,Austria,0,13807
2020-04-13,Austria,0,13937
2020-04-14,Austria,0,14043
2020-04-15,Austria,0,14234
2020-04-16,Austria,0,14370
2020-04-17,Austria,0,14448
2020-03-03,Latvia,0,1
2020-03-08,Latvia,0,2
2020-03-09,Latvia,0,3
2020-03-10,Latvia,0,6
2020-03-11,Latvia,0,8
2020-03-12,Latvia,0,10
2020-03-13,Latvia,0,16
2020-03-14,Latvia,0,19
2020-03-15,Latvia,0,26
2020-03-16,Latvia,0,31
2020-03-17,Latvia,0,36
2020-03-18,Latvia,0,61
2020-03-19,Latvia,0,71
2020-03-20,Latvia,0,86
2020-03-21,Latvia,0,111
2020-03-22,Latvia,0,124
2020-03-23,Latvia,0,139
2020-03-24,Latvia,0,180
2020-03-25,Latvia,0,197
2020-03-26,Latvia,0,221
2020-03-27,Latvia,0,244
2020-03-28,Latvia,0,280
2020-03-29,Latvia,0,305
2020-03-30,Latvia,0,376
2020-03-31,Latvia,0,376
2020-04-01,Latvia,0,398
2020-04-02,Latvia,0,446
2020-04-03,Latvia,0,458
2020-04-04,Latvia,0,493
2020-04-05,Latvia,0,509
2020-04-06,Latvia,0,533
2020-04-07,Latvia,0,542
2020-04-08,Latvia,0,548
2020-04-09,Latvia,0,577
2020-04-10,Latvia,0,589
2020-04-11,Latvia,0,612
2020-04-12,Latvia,0,630
2020-04-13,Latvia,0,651
2020-04-14,Latvia,0,655
2020-04-15,Latvia,0,657
2020-04-16,Latvia,0,666
2020-04-17,Latvia,0,675
2019-12-31,Netherlands,0,0
2020-01-01,Netherlands,0,0
2020-01-02,Netherlands,0,0
2020-01-03,Netherlands,0,0
2020-01-04,Netherlands,0,0
2020-01-05,Netherlands,0,0
2020-01-06,Netherlands,0,0
2020-01-07,Netherlands,0,0
2020-01-08,Netherlands,0,0
2020-01-09,Netherlands,0,0
2020-01-10,Netherlands,0,0
2020-01-11,Netherlands,0,0
2020-01-12,Netherlands,0,0
2020-01-13,Netherlands,0,0
2020-01-14,Netherlands,0,0
2020-01-15,Netherlands,0,0
2020-01-16,Netherlands,0,0
2020-01-17,Netherlands,0,0
2020-01-18,Netherlands,0,0
2020-01-19,Netherlands,0,0
2020-01-20,Netherlands,0,0
2020-01-21,Netherlands,0,0
2020-01-22,Netherlands,0,0
2020-01-23,Netherlands,0,0
2020-01-24,Netherlands,0,0
2020-01-25,Netherlands,0,0
2020-01-26,Netherlands,0,0
2020-01-27,Netherlands,0,0
2020-01-28,Netherlands,0,0
2020-01-29,Netherlands,0,0
2020-01-30,Netherlands,0,0
2020-01-31,Netherlands,0,0
2020-02-01,Netherlands,0,0
2020-02-02,Netherlands,0,0
2020-02-03,Netherlands,0,0
2020-02-04,Netherlands,0,0
2020-02-05,Netherlands,0,0
2020-02-06,Netherlands,0,0
2020-02-07,Netherlands,0,0
2020-02-08,Netherlands,0,0
2020-02-09,Netherlands,0,0
2020-02-10,Netherlands,0,0
2020-02-11,Netherlands,0,0
2020-02-12,Netherlands,0,0
2020-02-13,Netherlands,0,0
2020-02-14,Netherlands,0,0
2020-02-15,Netherlands,0,0
2020-02-16,Netherlands,0,0
2020-02-17,Netherlands,0,0
2020-02-18,Netherlands,0,0
2020-02-19,Netherlands,0,0
2020-02-20,Netherlands,0,0
2020-02-21,Netherlands,0,0
2020-02-22,Netherlands,0,0
2020-02-23,Netherlands,0,0
2020-02-24,Netherlands,0,0
2020-02-25,Netherlands,0,0
2020-02-26,Netherlands,0,0
2020-02-27,Netherlands,0,0
2020-02-28,Netherlands,0,1
2020-02-29,Netherlands,0,2
2020-03-01,Netherlands,0,7
2020-03-02,Netherlands,0,13
2020-03-03,Netherlands,0,18
2020-03-04,Netherlands,0,28
2020-03-05,Netherlands,0,38
2020-03-06,Netherlands,0,82
2020-03-07,Netherlands,0,128
2020-03-08,Netherlands,0,188
2020-03-09,Netherlands,0,265
2020-03-10,Netherlands,0,321
2020-03-11,Netherlands,0,382
2020-03-12,Netherlands,0,503
2020-03-13,Netherlands,0,614
2020-03-14,Netherlands,0,804
2020-03-15,Netherlands,0,959
2020-03-16,Netherlands,0,1135
2020-03-17,Netherlands,0,1413
2020-03-18,Netherlands,0,1705
2020-03-19,Netherlands,0,2051
2020-03-20,Netherlands,0,2460
2020-03-21,Netherlands,0,2994
2020-03-22,Netherlands,0,3631
2020-03-23,Netherlands,0,4204
2020-03-24,Netherlands,0,4749
2020-03-25,Netherlands,0,5560
2020-03-26,Netherlands,0,6412
2020-03-27,Netherlands,0,7431
2020-03-28,Netherlands,0,8603
2020-03-29,Netherlands,0,9762
2020-03-30,Netherlands,0,10866
2020-03-31,Netherlands,0,11750
2020-04-01,Netherlands,0,12595
2020-04-02,Netherlands,0,13614
2020-04-03,Netherlands,0,14697
2020-04-04,Netherlands,0,15723
2020-04-05,Netherlands,0,16627
2020-04-06,Netherlands,0,17851
2020-04-07,Netherlands,0,18803
2020-04-08,Netherlands,0,19580
2020-04-09,Netherlands,0,20549
2020-04-10,Netherlands,0,21762
2020-04-11,Netherlands,0,23097
2020-04-12,Netherlands,0,24413
2020-04-13,Netherlands,0,25587
2020-04-14,Netherlands,0,26551
2020-04-15,Netherlands,0,27419
2020-04-16,Netherlands,0,28153
2020-04-17,Netherlands,0,29214
2019-12-31,Sweden,0,0
2020-01-01,Sweden,0,0
2020-01-02,Sweden,0,0
2020-01-03,Sweden,0,0
2020-01-04,Sweden,0,0
2020-01-05,Sweden,0,0
2020-01-06,Sweden,0,0
2020-01-07,Sweden,0,0
2020-01-08,Sweden,0,0
2020-01-09,Sweden,0,0
2020-01-10,Sweden,0,0
2020-01-11,Sweden,0,0
2020-01-12,Sweden,0,0
2020-01-13,Sweden,0,0
2020-01-14,Sweden,0,0
2020-01-15,Sweden,0,0
2020-01-16,Sweden,0,0
2020-01-17,Sweden,0,0
2020-01-18,Sweden,0,0
2020-01-19,Sweden,0,0
2020-01-20,Sweden,0,0
2020-01-21,Sweden,0,0
2020-01-22,Sweden,0,0
2020-01-23,Sweden,0,0
2020-01-24,Sweden,0,0
2020-01-25,Sweden,0,0
2020-01-26,Sweden,0,0
2020-01-27,Sweden,0,0
2020-01-28,Sweden,0,0
2020-01-29,Sweden,0,0
2020-01-30,Sweden,0,0
2020-01-31,Sweden,0,0
2020-02-01,Sweden,0,1
2020-02-02,Sweden,0,1
2020-02-03,Sweden,0,1
2020-02-04,Sweden,0,1
2020-02-05,Sweden,0,1
2020-02-06,Sweden,0,1
2020-02-07,Sweden,0,1
2020-02-08,Sweden,0,1
2020-02-09,Sweden,0,1
2020-02-10,Sweden,0,1
2020-02-11,Sweden,0,1
2020-02-12,Sweden,0,1
2020-02-13,Sweden,0,1
2020-02-14,Sweden,0,1
2020-02-15,Sweden,0,1
2020-02-16,Sweden,0,1
2020-02-17,Sweden,0,1
2020-02-18,Sweden,0,1
2020-02-19,Sweden,0,1
2020-02-20,Sweden,0,1
2020-02-21,Sweden,0,1
2020-02-22,Sweden,0,1
2020-02-23,Sweden,0,1
2020-02-24,Sweden,0,1
2020-02-25,Sweden,0,1
2020-02-26,Sweden,0,1
2020-02-27,Sweden,0,2
2020-02-28,Sweden,0,7
2020-02-29,Sweden,0,12
2020-03-01,Sweden,0,13
2020-03-02,Sweden,0,14
2020-03-03,Sweden,0,15
2020-03-04,Sweden,0,24
2020-03-05,Sweden,0,35
2020-03-06,Sweden,0,61
2020-03-07,Sweden,0,137
2020-03-08,Sweden,0,161
2020-03-09,Sweden,0,203
2020-03-10,Sweden,0,248
2020-03-11,Sweden,0,326
2020-03-12,Sweden,0,462
2020-03-13,Sweden,0,620
2020-03-14,Sweden,0,775
2020-03-15,Sweden,0,924
2020-03-16,Sweden,0,1032
2020-03-17,Sweden,0,1121
2020-03-18,Sweden,0,1167
2020-03-19,Sweden,0,1301
2020-03-20,Sweden,0,1423
2020-03-21,Sweden,0,1623
2020-03-22,Sweden,0,1746
2020-03-23,Sweden,0,1906
2020-03-24,Sweden,0,2016
2020-03-25,Sweden,0,2272
2020-03-26,Sweden,0,2510
2020-03-27,Sweden,0,2806
2020-03-28,Sweden,0,3046
2020-03-29,Sweden,0,3447
2020-03-30,Sweden,0,3700
2020-03-31,Sweden,0,4028
2020-04-01,Sweden,0,4435
2020-04-02,Sweden,0,4947
2020-04-03,Sweden,0,5466
2020-04-04,Sweden,0,6078
2020-04-05,Sweden,0,6443
2020-04-06,Sweden,0,6830
2020-04-07,Sweden,0,7206
2020-04-08,Sweden,0,7693
2020-04-09,Sweden,0,8419
2020-04-10,Sweden,0,9141
2020-04-11,Sweden,0,9685
2020-04-12,Sweden,0,10151
2020-04-13,Sweden,0,10483
2020-04-14,Sweden,0,10948
2020-04-15,Sweden,0,11445
2020-04-16,Sweden,0,11927
2020-04-17,Sweden,0,12540
2019-12-31,Ireland,0,0
2020-01-01,Ireland,0,0
2020-01-02,Ireland,0,0
2020-01-03,Ireland,0,0
2020-01-04,Ireland,0,0
2020-01-05,Ireland,0,0
2020-01-06,Ireland,0,0
2020-01-07,Ireland,0,0
2020-01-08,Ireland,0,0
2020-01-09,Ireland,0,0
2020-01-10,Ireland,0,0
2020-01-11,Ireland,0,0
2020-01-12,Ireland,0,0
2020-01-13,Ireland,0,0
2020-01-14,Ireland,0,0
2020-01-15,Ireland,0,0
2020-01-16,Ireland,0,0
2020-01-17,Ireland,0,0
2020-01-18,Ireland,0,0
2020-01-19,Ireland,0,0
2020-01-20,Ireland,0,0
2020-01-21,Ireland,0,0
2020-01-22,Ireland,0,0
2020-01-23,Ireland,0,0
2020-01-24,Ireland,0,0
2020-01-25,Ireland,0,0
2020-01-26,Ireland,0,0
2020-01-27,Ireland,0,0
2020-01-28,Ireland,0,0
2020-01-29,Ireland,0,0
2020-01-30,Ireland,0,0
2020-01-31,Ireland,0,0
2020-02-01,Ireland,0,0
2020-02-02,Ireland,0,0
2020-02-03,Ireland,0,0
2020-02-04,Ireland,0,0
2020-02-05,Ireland,0,0
2020-02-06,Ireland,0,0
2020-02-07,Ireland,0,0
2020-02-08,Ireland,0,0
2020-02-09,Ireland,0,0
2020-02-10,Ireland,0,0
2020-02-11,Ireland,0,0
2020-02-12,Ireland,0,0
2020-02-13,Ireland,0,0
2020-02-14,Ireland,0,0
2020-02-15,Ireland,0,0
2020-02-16,Ireland,0,0
2020-02-17,Ireland,0,0
2020-02-18,Ireland,0,0
2020-02-19,Ireland,0,0
2020-02-20,Ireland,0,0
2020-02-21,Ireland,0,0
2020-02-22,Ireland,0,0
2020-02-23,Ireland,0,0
2020-02-24,Ireland,0,0
2020-02-25,Ireland,0,0
2020-02-26,Ireland,0,0
2020-02-27,Ireland,0,0
2020-02-28,Ireland,0,0
2020-02-29,Ireland,0,0
2020-03-01,Ireland,0,1
2020-03-02,Ireland,0,1
2020-03-04,Ireland,0,2
2020-03-05,Ireland,0,6
2020-03-06,Ireland,0,13
2020-03-07,Ireland,0,18
2020-03-08,Ireland,0,19
2020-03-09,Ireland,0,21
2020-03-11,Ireland,0,35
2020-03-12,Ireland,0,43
2020-03-13,Ireland,0,70
2020-03-14,Ireland,0,91
2020-03-15,Ireland,0,129
2020-03-16,Ireland,0,169
2020-03-17,Ireland,0,223
2020-03-18,Ireland,0,292
2020-03-19,Ireland,0,366
2020-03-20,Ireland,0,557
2020-03-21,Ireland,0,683
2020-03-22,Ireland,0,785
2020-03-23,Ireland,0,906
2020-03-24,Ireland,0,1125
2020-03-25,Ireland,0,1329
2020-03-26,Ireland,0,1564
2020-03-27,Ireland,0,1819
2020-03-28,Ireland,0,2121
2020-03-29,Ireland,0,2415
2020-03-30,Ireland,0,2615
2020-03-31,Ireland,0,2910
2020-04-01,Ireland,0,3235
2020-04-02,Ireland,0,3447
2020-04-03,Ireland,0,3849
2020-04-04,Ireland,0,4273
2020-04-05,Ireland,0,4604
2020-04-06,Ireland,0,5111
2020-04-07,Ireland,0,5364
2020-04-08,Ireland,0,5709
2020-04-09,Ireland,0,6224
2020-04-10,Ireland,0,7393
2020-04-11,Ireland,0,8089
2020-04-12,Ireland,0,8928
2020-04-13,Ireland,0,9655
2020-04-14,Ireland,0,10647
2020-04-15,Ireland,0,11479
2020-04-16,Ireland,0,12547
2020-04-17,Ireland,0,13271
2019-12-31,Luxembourg,0,0
2020-01-01,Luxembourg,0,0
2020-01-02,Luxembourg,0,0
2020-01-03,Luxembourg,0,0
2020-01-04,Luxembourg,0,0
2020-01-05,Luxembourg,0,0
2020-01-06,Luxembourg,0,0
2020-01-07,Luxembourg,0,0
2020-01-08,Luxembourg,0,0
2020-01-09,Luxembourg,0,0
2020-01-10,Luxembourg,0,0
2020-01-11,Luxembourg,0,0
2020-01-12,Luxembourg,0,0
2020-01-13,Luxembourg,0,0
2020-01-14,Luxembourg,0,0
2020-01-15,Luxembourg,0,0
2020-01-16,Luxembourg,0,0
2020-01-17,Luxembourg,0,0
2020-01-18,Luxembourg,0,0
2020-01-19,Luxembourg,0,0
2020-01-20,Luxembourg,0,0
2020-01-21,Luxembourg,0,0
2020-01-22,Luxembourg,0,0
2020-01-23,Luxembourg,0,0
2020-01-24,Luxembourg,0,0
2020-01-25,Luxembourg,0,0
2020-01-26,Luxembourg,0,0
2020-01-27,Luxembourg,0,0
2020-01-28,Luxembourg,0,0
2020-01-29,Luxembourg,0,0
2020-01-30,Luxembourg,0,0
2020-01-31,Luxembourg,0,0
2020-02-01,Luxembourg,0,0
2020-02-02,Luxembourg,0,0
2020-02-03,Luxembourg,0,0
2020-02-04,Luxembourg,0,0
2020-02-05,Luxembourg,0,0
2020-02-06,Luxembourg,0,0
2020-02-07,Luxembourg,0,0
2020-02-08,Luxembourg,0,0
2020-02-09,Luxembourg,0,0
2020-02-10,Luxembourg,0,0
2020-02-11,Luxembourg,0,0
2020-02-12,Luxembourg,0,0
2020-02-13,Luxembourg,0,0
2020-02-14,Luxembourg,0,0
2020-02-15,Luxembourg,0,0
2020-02-16,Luxembourg,0,0
2020-02-17,Luxembourg,0,0
2020-02-18,Luxembourg,0,0
2020-02-19,Luxembourg,0,0
2020-02-20,Luxembourg,0,0
2020-02-21,Luxembourg,0,0
2020-02-22,Luxembourg,0,0
2020-02-23,Luxembourg,0,0
2020-02-24,Luxembourg,0,0
2020-02-25,Luxembourg,0,0
2020-02-26,Luxembourg,0,0
2020-02-27,Luxembourg,0,0
2020-02-28,Luxembourg,0,0
2020-02-29,Luxembourg,0,0
2020-03-01,Luxembourg,0,1
2020-03-02,Luxembourg,0,1
2020-03-07,Luxembourg,0,3
2020-03-09,Luxembourg,0,5
2020-03-11,Luxembourg,0,7
2020-03-12,Luxembourg,0,7
2020-03-13,Luxembourg,0,26
2020-03-14,Luxembourg,0,38
2020-03-16,Luxembourg,0,77
2020-03-17,Luxembourg,0,81
2020-03-18,Luxembourg,0,140
2020-03-19,Luxembourg,0,210
2020-03-20,Luxembourg,0,345
2020-03-21,Luxembourg,0,484
2020-03-22,Luxembourg,0,670
2020-03-23,Luxembourg,0,798
2020-03-24,Luxembourg,0,875
2020-03-25,Luxembourg,0,1099
2020-03-26,Luxembourg,0,1333
2020-03-27,Luxembourg,0,1453
2020-03-28,Luxembourg,0,1605
2020-03-29,Luxembourg,0,1831
2020-03-30,Luxembourg,0,1950
2020-03-31,Luxembourg,0,1988
2020-04-01,Luxembourg,0,2178
2020-04-02,Luxembourg,0,2319
2020-04-03,Luxembourg,0,2487
2020-04-04,Luxembourg,0,2612
2020-04-05,Luxembourg,0,2729
2020-04-06,Luxembourg,0,2804
2020-04-07,Luxembourg,0,2843
2020-04-08,Luxembourg,0,2970
2020-04-09,Luxembourg,0,3034
2020-04-10,Luxembourg,0,3115
2020-04-11,Luxembourg,0,3223
2020-04-12,Luxembourg,0,3270
2020-04-13,Luxembourg,0,3281
2020-04-14,Luxembourg,0,3292
2020-04-15,Luxembourg,0,3307
2020-04-16,Luxembourg,0,3373
2020-04-17,Luxembourg,0,3444
2020-03-04,Poland,0,1
2020-03-07,Poland,0,5
2020-03-08,Poland,0,6
2020-03-09,Poland,0,11
2020-03-10,Poland,0,17
2020-03-11,Poland,0,22
2020-03-12,Poland,0,31
2020-03-13,Poland,0,49
2020-03-14,Poland,0,68
2020-03-15,Poland,0,104
2020-03-16,Poland,0,125
2020-03-17,Poland,0,177
2020-03-18,Poland,0,238
2020-03-19,Poland,0,287
2020-03-20,Poland,0,355
2020-03-21,Poland,0,425
2020-03-22,Poland,0,536
2020-03-23,Poland,0,634
2020-03-24,Poland,0,749
2020-03-25,Poland,0,901
2020-03-26,Poland,0,1051
2020-03-27,Poland,0,1221
2020-03-28,Poland,0,1389
2020-03-29,Poland,0,1638
2020-03-30,Poland,0,1862
2020-03-31,Poland,0,2055
2020-04-01,Poland,0,2311
2020-04-02,Poland,0,2554
2020-04-03,Poland,0,2946
2020-04-04,Poland,0,3383
2020-04-05,Poland,0,3627
2020-04-06,Poland,0,4102
2020-04-07,Poland,0,4413
2020-04-08,Poland,0,4848
2020-04-09,Poland,0,5205
2020-04-10,Poland,0,5575
2020-04-11,Poland,0,5955
2020-04-12,Poland,0,6356
2020-04-13,Poland,0,6674
2020-04-14,Poland,0,6934
2020-04-15,Poland,0,7202
2020-04-16,Poland,0,7582
2020-04-17,Poland,0,7918
2020-03-07,Slovakia,0,1
2020-03-08,Slovakia,0,3
2020-03-09,Slovakia,0,5
2020-03-11,Slovakia,0,7
2020-03-12,Slovakia,0,10
2020-03-13,Slovakia,0,21
2020-03-14,Slovakia,0,30
2020-03-15,Slovakia,0,44
2020-03-16,Slovakia,0,61
2020-03-17,Slovakia,0,84
2020-03-18,Slovakia,0,97
2020-03-19,Slovakia,0,107
2020-03-20,Slovakia,0,123
2020-03-21,Slovakia,0,137
2020-03-22,Slovakia,0,178
2020-03-23,Slovakia,0,185
2020-03-24,Slovakia,0,191
2020-03-25,Slovakia,0,204
2020-03-26,Slovakia,0,216
2020-03-27,Slovakia,0,226
2020-03-28,Slovakia,0,295
2020-03-29,Slovakia,0,295
2020-03-30,Slovakia,0,336
2020-03-31,Slovakia,0,336
2020-04-01,Slovakia,0,363
2020-04-02,Slovakia,0,400
2020-04-03,Slovakia,0,426
2020-04-04,Slovakia,0,450
2020-04-05,Slovakia,0,471
2020-04-06,Slovakia,0,485
2020-04-07,Slovakia,0,534
2020-04-08,Slovakia,0,581
2020-04-09,Slovakia,0,682
2020-04-10,Slovakia,0,701
2020-04-11,Slovakia,0,715
2020-04-12,Slovakia,0,728
2020-04-13,Slovakia,0,742
2020-04-14,Slovakia,0,769
2020-04-15,Slovakia,0,835
2020-04-16,Slovakia,0,863
2020-04-17,Slovakia,0,977
2020-03-05,Slovenia,0,1
2020-03-06,Slovenia,0,6
2020-03-07,Slovenia,0,9
2020-03-08,Slovenia,0,12
2020-03-09,Slovenia,0,16
2020-03-11,Slovenia,0,31
2020-03-12,Slovenia,0,57
2020-03-13,Slovenia,0,96
2020-03-14,Slovenia,0,141
2020-03-15,Slovenia,0,181
2020-03-16,Slovenia,0,219
2020-03-17,Slovenia,0,253
2020-03-18,Slovenia,0,275
2020-03-19,Slovenia,0,286
2020-03-20,Slovenia,0,319
2020-03-21,Slovenia,0,341
2020-03-22,Slovenia,0,383
2020-03-23,Slovenia,0,414
2020-03-24,Slovenia,0,442
2020-03-25,Slovenia,0,480
2020-03-26,Slovenia,0,528
2020-03-27,Slovenia,0,577
2020-03-28,Slovenia,0,632
2020-03-29,Slovenia,0,691
2020-03-30,Slovenia,0,730
2020-03-31,Slovenia,0,763
2020-04-01,Slovenia,0,814
2020-04-02,Slovenia,0,841
2020-04-03,Slovenia,0,897
2020-04-04,Slovenia,0,934
2020-04-05,Slovenia,0,977
2020-04-06,Slovenia,0,997
2020-04-07,Slovenia,0,1021
2020-04-08,Slovenia,0,1055
2020-04-09,Slovenia,0,1091
2020-04-10,Slovenia,0,1124
2020-04-11,Slovenia,0,1160
2020-04-12,Slovenia,0,1188
2020-04-13,Slovenia,0,1205
2020-04-14,Slovenia,0,1212
2020-04-15,Slovenia,0,1220
2020-04-16,Slovenia,0,1248
2020-04-17,Slovenia,0,1268
2020-03-08,Bulgaria,0,2
2020-03-09,Bulgaria,0,4
2020-03-12,Bulgaria,0,7
2020-03-13,Bulgaria,0,23
2020-03-14,Bulgaria,0,31
2020-03-15,Bulgaria,0,41
2020-03-16,Bulgaria,0,51
2020-03-17,Bulgaria,0,62
2020-03-18,Bulgaria,0,81
2020-03-19,Bulgaria,0,92
2020-03-20,Bulgaria,0,105
2020-03-21,Bulgaria,0,127
2020-03-22,Bulgaria,0,163
2020-03-23,Bulgaria,0,185
2020-03-24,Bulgaria,0,201
2020-03-25,Bulgaria,0,220
2020-03-26,Bulgaria,0,242
2020-03-27,Bulgaria,0,264
2020-03-28,Bulgaria,0,293
2020-03-29,Bulgaria,0,331
2020-03-30,Bulgaria,0,346
2020-03-31,Bulgaria,0,359
2020-04-01,Bulgaria,0,399
2020-04-02,Bulgaria,0,422
2020-04-03,Bulgaria,0,457
2020-04-04,Bulgaria,0,485
2020-04-05,Bulgaria,0,503
2020-04-06,Bulgaria,0,531
2020-04-07,Bulgaria,0,549
2020-04-08,Bulgaria,0,577
2020-04-09,Bulgaria,0,593
2020-04-10,Bulgaria,0,624
2020-04-11,Bulgaria,0,635
2020-04-12,Bulgaria,0,661
2020-04-13,Bulgaria,0,675
2020-04-14,Bulgaria,0,685
2020-04-15,Bulgaria,0,713
2020-04-16,Bulgaria,0,747
2020-04-17,Bulgaria,0,800
2019-12-31,France,0,0
2020-01-01,France,0,0
2020-01-02,France,0,0
2020-01-03,France,0,0
2020-01-04,France,0,0
2020-01-05,France,0,0
2020-01-06,France,0,0
2020-01-07,France,0,0
2020-01-08,France,0,0
2020-01-09,France,0,0
2020-01-10,France,0,0
2020-01-11,France,0,0
2020-01-12,France,0,0
2020-01-13,France,0,0
2020-01-14,France,0,0
2020-01-15,France,0,0
2020-01-16,France,0,0
2020-01-17,France,0,0
2020-01-18,France,0,0
2020-01-19,France,0,0
2020-01-20,France,0,0
2020-01-21,France,0,0
2020-01-22,France,0,0
2020-01-23,France,0,0
2020-01-24,France,0,0
2020-01-25,France,0,3
2020-01-26,France,0,3
2020-01-27,France,0,3
2020-01-28,France,0,3
2020-01-29,France,0,4
2020-01-30,France,0,5
2020-01-31,France,0,6
2020-02-01,France,0,6
2020-02-02,France,0,6
2020-02-03,France,0,6
2020-02-04,France,0,6
2020-02-05,France,0,6
2020-02-06,France,0,6
2020-02-07,France,0,6
2020-02-08,France,0,11
2020-02-09,France,0,11
2020-02-10,France,0,11
2020-02-11,France,0,11
2020-02-12,France,0,11
2020-02-13,France,0,11
2020-02-14,France,0,11
2020-02-15,France,0,11
2020-02-16,France,0,11
2020-02-17,France,0,12
2020-02-18,France,0,12
2020-02-19,France,0,12
2020-02-20,France,0,12
2020-02-21,France,0,12
2020-02-22,France,0,12
2020-02-23,France,0,12
2020-02-24,France,0,12
2020-02-25,France,0,12
2020-02-26,France,0,14
2020-02-27,France,0,17
2020-02-28,France,0,38
2020-02-29,France,0,57
2020-03-01,France,0,100
2020-03-02,France,0,130
2020-03-03,France,0,178
2020-03-04,France,0,212
2020-03-05,France,0,285
2020-03-06,France,0,423
2020-03-07,France,0,613
2020-03-08,France,0,716
2020-03-09,France,0,1126
2020-03-10,France,0,1412
2020-03-11,France,0,1784
2020-03-12,France,0,2281
2020-03-13,France,0,2876
2020-03-14,France,0,3661
2020-03-15,France,0,4499
2020-03-16,France,0,5423
2020-03-17,France,0,6633
2020-03-18,France,0,7730
2020-03-19,France,0,9134
2020-03-20,France,0,10995
2020-03-21,France,0,12612
2020-03-22,France,0,14459
2020-03-23,France,0,16018
2020-03-24,France,0,19856
2020-03-25,France,0,22302
2020-03-26,France,0,25233
2020-03-27,France,0,29155
2020-03-28,France,0,32964
2020-03-29,France,0,37575
2020-03-30,France,0,40174
2020-03-31,France,0,44550
2020-04-01,France,0,52128
2020-04-02,France,0,56989
2020-04-03,France,0,59105
2020-04-04,France,0,64338
2020-04-05,France,0,68605
2020-04-06,France,0,70478
2020-04-07,France,0,74390
2020-04-08,France,0,78167
2020-04-09,France,0,82048
2020-04-10,France,0,86334
2020-04-11,France,0,90676
2020-04-12,France,0,93790
2020-04-13,France,0,95403
2020-04-14,France,0,98076
2020-04-15,France,0,103573
2020-04-16,France,0,106206
2020-04-17,France,0,108847
2019-12-31,Lithuania,0,0
2020-01-01,Lithuania,0,0
2020-01-02,Lithuania,0,0
2020-01-03,Lithuania,0,0
2020-01-04,Lithuania,0,0
2020-01-05,Lithuania,0,0
2020-01-06,Lithuania,0,0
2020-01-07,Lithuania,0,0
2020-01-08,Lithuania,0,0
2020-01-09,Lithuania,0,0
2020-01-10,Lithuania,0,0
2020-01-11,Lithuania,0,0
2020-01-12,Lithuania,0,0
2020-01-13,Lithuania,0,0
2020-01-14,Lithuania,0,0
2020-01-15,Lithuania,0,0
2020-01-16,Lithuania,0,0
2020-01-17,Lithuania,0,0
2020-01-18,Lithuania,0,0
2020-01-19,Lithuania,0,0
2020-01-20,Lithuania,0,0
2020-01-21,Lithuania,0,0
2020-01-22,Lithuania,0,0
2020-01-23,Lithuania,0,0
2020-01-24,Lithuania,0,0
2020-01-25,Lithuania,0,0
2020-01-26,Lithuania,0,0
2020-01-27,Lithuania,0,0
2020-01-28,Lithuania,0,0
2020-01-29,Lithuania,0,0
2020-01-30,Lithuania,0,0
2020-01-31,Lithuania,0,0
2020-02-01,Lithuania,0,0
2020-02-02,Lithuania,0,0
2020-02-03,Lithuania,0,0
2020-02-04,Lithuania,0,0
2020-02-05,Lithuania,0,0
2020-02-06,Lithuania,0,0
2020-02-07,Lithuania,0,0
2020-02-08,Lithuania,0,0
2020-02-09,Lithuania,0,0
2020-02-10,Lithuania,0,0
2020-02-11,Lithuania,0,0
2020-02-12,Lithuania,0,0
2020-02-13,Lithuania,0,0
2020-02-14,Lithuania,0,0
2020-02-15,Lithuania,0,0
2020-02-16,Lithuania,0,0
2020-02-17,Lithuania,0,0
2020-02-18,Lithuania,0,0
2020-02-19,Lithuania,0,0
2020-02-20,Lithuania,0,0
2020-02-21,Lithuania,0,0
2020-02-22,Lithuania,0,0
2020-02-23,Lithuania,0,0
2020-02-24,Lithuania,0,0
2020-02-25,Lithuania,0,0
2020-02-26,Lithuania,0,0
2020-02-27,Lithuania,0,0
2020-02-28,Lithuania,0,1
2020-02-29,Lithuania,0,1
2020-03-01,Lithuania,0,1
2020-03-02,Lithuania,0,1
2020-03-11,Lithuania,0,3
2020-03-12,Lithuania,0,3
2020-03-14,Lithuania,0,6
2020-03-15,Lithuania,0,9
2020-03-16,Lithuania,0,14
2020-03-17,Lithuania,0,17
2020-03-18,Lithuania,0,25
2020-03-19,Lithuania,0,33
2020-03-20,Lithuania,0,48
2020-03-21,Lithuania,0,69
2020-03-22,Lithuania,0,105
2020-03-23,Lithuania,0,143
2020-03-24,Lithuania,0,179
2020-03-25,Lithuania,0,209
2020-03-26,Lithuania,0,274
2020-03-27,Lithuania,0,299
2020-03-28,Lithuania,0,358
2020-03-29,Lithuania,0,394
2020-03-30,Lithuania,0,484
2020-03-31,Lithuania,0,484
2020-04-01,Lithuania,0,533
2020-04-02,Lithuania,0,581
2020-04-03,Lithuania,0,649
2020-04-04,Lithuania,0,771
2020-04-05,Lithuania,0,771
2020-04-06,Lithuania,0,811
2020-04-07,Lithuania,0,843
2020-04-08,Lithuania,0,880
2020-04-09,Lithuania,0,912
2020-04-10,Lithuania,0,955
2020-04-11,Lithuania,0,999
2020-04-12,Lithuania,0,1053
2020-04-13,Lithuania,0,1062
2020-04-14,Lithuania,0,1070
2020-04-15,Lithuania,0,1070
2020-04-16,Lithuania,0,1091
2020-04-17,Lithuania,0,1149
2019-12-31,Croatia,0,0
2020-01-01,Croatia,0,0
2020-01-02,Croatia,0,0
2020-01-03,Croatia,0,0
2020-01-04,Croatia,0,0
2020-01-05,Croatia,0,0
2020-01-06,Croatia,0,0
2020-01-07,Croatia,0,0
2020-01-08,Croatia,0,0
2020-01-09,Croatia,0,0
2020-01-10,Croatia,0,0
2020-01-11,Croatia,0,0
2020-01-12,Croatia,0,0
2020-01-13,Croatia,0,0
2020-01-14,Croatia,0,0
2020-01-15,Croatia,0,0
2020-01-16,Croatia,0,0
2020-01-17,Croatia,0,0
2020-01-18,Croatia,0,0
2020-01-19,Croatia,0,0
2020-01-20,Croatia,0,0
2020-01-21,Croatia,0,0
2020-01-22,Croatia,0,0
2020-01-23,Croatia,0,0
2020-01-24,Croatia,0,0
2020-01-25,Croatia,0,0
2020-01-26,Croatia,0,0
2020-01-27,Croatia,0,0
2020-01-28,Croatia,0,0
2020-01-29,Croatia,0,0
2020-01-30,Croatia,0,0
2020-01-31,Croatia,0,0
2020-02-01,Croatia,0,0
2020-02-02,Croatia,0,0
2020-02-03,Croatia,0,0
2020-02-04,Croatia,0,0
2020-02-05,Croatia,0,0
2020-02-06,Croatia,0,0
2020-02-07,Croatia,0,0
2020-02-08,Croatia,0,0
2020-02-09,Croatia,0,0
2020-02-10,Croatia,0,0
2020-02-11,Croatia,0,0
2020-02-12,Croatia,0,0
2020-02-13,Croatia,0,0
2020-02-14,Croatia,0,0
2020-02-15,Croatia,0,0
2020-02-16,Croatia,0,0
2020-02-17,Croatia,0,0
2020-02-18,Croatia,0,0
2020-02-19,Croatia,0,0
2020-02-20,Croatia,0,0
2020-02-21,Croatia,0,0
2020-02-22,Croatia,0,0
2020-02-23,Croatia,0,0
2020-02-24,Croatia,0,0
2020-02-25,Croatia,0,0
2020-02-26,Croatia,0,1
2020-02-27,Croatia,0,2
2020-02-28,Croatia,0,3
2020-02-29,Croatia,0,5
2020-03-01,Croatia,0,5
2020-03-02,Croatia,0,7
2020-03-03,Croatia,0,8
2020-03-04,Croatia,0,9
2020-03-06,Croatia,0,10
2020-03-07,Croatia,0,11
2020-03-08,Croatia,0,12
2020-03-11,Croatia,0,13
2020-03-12,Croatia,0,16
2020-03-13,Croatia,0,25
2020-03-14,Croatia,0,31
2020-03-15,Croatia,0,37
2020-03-16,Croatia,0,48
2020-03-17,Croatia,0,56
2020-03-18,Croatia,0,69
2020-03-19,Croatia,0,81
2020-03-20,Croatia,0,104
2020-03-21,Croatia,0,126
2020-03-22,Croatia,0,206
2020-03-23,Croatia,0,235
2020-03-24,Croatia,0,306
2020-03-25,Croatia,0,382
2020-03-26,Croatia,0,418
2020-03-27,Croatia,0,495
2020-03-28,Croatia,0,586
2020-03-29,Croatia,0,657
2020-03-30,Croatia,0,713
2020-03-31,Croatia,0,790
2020-04-01,Croatia,0,867
2020-04-02,Croatia,0,963
2020-04-03,Croatia,0,1011
2020-04-04,Croatia,0,1079
2020-04-05,Croatia,0,1126
2020-04-06,Croatia,0,1182
2020-04-07,Croatia,0,1222
2020-04-08,Croatia,0,1282
2020-04-09,Croatia,0,1343
2020-04-10,Croatia,0,1407
2020-04-11,Croatia,0,1495
2020-04-12,Croatia,0,1534
2020-04-13,Croatia,0,1600
2020-04-14,Croatia,0,1650
2020-04-15,Croatia,0,1704
2020-04-16,Croatia,0,1741
2020-04-17,Croatia,0,1791
2019-12-31,Romania,0,0
2020-01-01,Romania,0,0
2020-01-02,Romania,0,0
2020-01-03,Romania,0,0
2020-01-04,Romania,0,0
2020-01-05,Romania,0,0
2020-01-06,Romania,0,0
2020-01-07,Romania,0,0
2020-01-08,Romania,0,0
2020-01-09,Romania,0,0
2020-01-10,Romania,0,0
2020-01-11,Romania,0,0
2020-01-12,Romania,0,0
2020-01-13,Romania,0,0
2020-01-14,Romania,0,0
2020-01-15,Romania,0,0
2020-01-16,Romania,0,0
2020-01-17,Romania,0,0
2020-01-18,Romania,0,0
2020-01-19,Romania,0,0
2020-01-20,Romania,0,0
2020-01-21,Romania,0,0
2020-01-22,Romania,0,0
2020-01-23,Romania,0,0
2020-01-24,Romania,0,0
2020-01-25,Romania,0,0
2020-01-26,Romania,0,0
2020-01-27,Romania,0,0
2020-01-28,Romania,0,0
2020-01-29,Romania,0,0
2020-01-30,Romania,0,0
2020-01-31,Romania,0,0
2020-02-01,Romania,0,0
2020-02-02,Romania,0,0
2020-02-03,Romania,0,0
2020-02-04,Romania,0,0
2020-02-05,Romania,0,0
2020-02-06,Romania,0,0
2020-02-07,Romania,0,0
2020-02-08,Romania,0,0
2020-02-09,Romania,0,0
2020-02-10,Romania,0,0
2020-02-11,Romania,0,0
2020-02-12,Romania,0,0
2020-02-13,Romania,0,0
2020-02-14,Romania,0,0
2020-02-15,Romania,0,0
2020-02-16,Romania,0,0
2020-02-17,Romania,0,0
2020-02-18,Romania,0,0
2020-02-19,Romania,0,0
2020-02-20,Romania,0,0
2020-02-21,Romania,0,0
2020-02-22,Romania,0,0
2020-02-23,Romania,0,0
2020-02-24,Romania,0,0
2020-02-25,Romania,0,0
2020-02-26,Romania,0,0
2020-02-27,Romania,0,1
2020-02-28,Romania,0,1
2020-02-29,Romania,0,3
2020-03-01,Romania,0,3
2020-03-02,Romania,0,3
2020-03-04,Romania,0,4
2020-03-06,Romania,0,6
2020-03-07,Romania,0,7
2020-03-08,Romania,0,13
2020-03-09,Romania,0,15
2020-03-10,Romania,0,17
2020-03-11,Romania,0,25
2020-03-12,Romania,0,45
2020-03-13,Romania,0,64
2020-03-14,Romania,0,89
2020-03-15,Romania,0,113
2020-03-16,Romania,0,139
2020-03-17,Romania,0,184
2020-03-18,Romania,0,217
2020-03-19,Romania,0,260
2020-03-20,Romania,0,277
2020-03-21,Romania,0,308
2020-03-22,Romania,0,367
2020-03-23,Romania,0,433
2020-03-24,Romania,0,576
2020-03-25,Romania,0,762
2020-03-26,Romania,0,906
2020-03-27,Romania,0,1029
2020-03-28,Romania,0,1292
2020-03-29,Romania,0,1452
2020-03-30,Romania,0,1760
2020-03-31,Romania,0,1952
2020-04-01,Romania,0,2245
2020-04-02,Romania,0,2460
2020-04-03,Romania,0,2738
2020-04-04,Romania,0,3183
2020-04-05,Romania,0,3613
2020-04-06,Romania,0,3864
2020-04-07,Romania,0,4057
2020-04-08,Romania,0,4417
2020-04-09,Romania,0,4761
2020-04-10,Romania,0,5202
2020-04-11,Romania,0,5467
2020-04-12,Romania,0,5990
2020-04-13,Romania,0,6300
2020-04-14,Romania,0,6633
2020-04-15,Romania,0,6879
2020-04-16,Romania,0,7216
2020-04-17,Romania,0,7707
2020-03-05,Hungary,0,2
2020-03-07,Hungary,0,4
2020-03-08,Hungary,0,7
2020-03-09,Hungary,0,8
2020-03-10,Hungary,0,9
2020-03-11,Hungary,0,12
2020-03-12,Hungary,0,13
2020-03-13,Hungary,0,16
2020-03-14,Hungary,0,25
2020-03-15,Hungary,0,31
2020-03-16,Hungary,0,39
2020-03-17,Hungary,0,50
2020-03-18,Hungary,0,50
2020-03-19,Hungary,0,73
2020-03-20,Hungary,0,85
2020-03-21,Hungary,0,103
2020-03-22,Hungary,0,131
2020-03-23,Hungary,0,167
2020-03-24,Hungary,0,187
2020-03-25,Hungary,0,226
2020-03-26,Hungary,0,261
2020-03-27,Hungary,0,300
2020-03-28,Hungary,0,343
2020-03-29,Hungary,0,408
2020-03-30,Hungary,0,447
2020-03-31,Hungary,0,492
2020-04-01,Hungary,0,525
2020-04-02,Hungary,0,585
2020-04-03,Hungary,0,623
2020-04-04,Hungary,0,678
2020-04-05,Hungary,0,733
2020-04-06,Hungary,0,744
2020-04-07,Hungary,0,817
2020-04-08,Hungary,0,895
2020-04-09,Hungary,0,980
2020-04-10,Hungary,0,1190
2020-04-11,Hungary,0,1310
2020-04-12,Hungary,0,1410
2020-04-13,Hungary,0,1458
2020-04-14,Hungary,0,1512
2020-04-15,Hungary,0,1579
2020-04-16,Hungary,0,1652
2020-04-17,Hungary,0,1763
2019-12-31,Spain,0,0
2020-01-01,Spain,0,0
2020-01-02,Spain,0,0
2020-01-03,Spain,0,0
2020-01-04,Spain,0,0
2020-01-05,Spain,0,0
2020-01-06,Spain,0,0
2020-01-07,Spain,0,0
2020-01-08,Spain,0,0
2020-01-09,Spain,0,0
2020-01-10,Spain,0,0
2020-01-11,Spain,0,0
2020-01-12,Spain,0,0
2020-01-13,Spain,0,0
2020-01-14,Spain,0,0
2020-01-15,Spain,0,0
2020-01-16,Spain,0,0
2020-01-17,Spain,0,0
2020-01-18,Spain,0,0
2020-01-19,Spain,0,0
2020-01-20,Spain,0,0
2020-01-21,Spain,0,0
2020-01-22,Spain,0,0
2020-01-23,Spain,0,0
2020-01-24,Spain,0,0
2020-01-25,Spain,0,0
2020-01-26,Spain,0,0
2020-01-27,Spain,0,0
2020-01-28,Spain,0,0
2020-01-29,Spain,0,0
2020-01-30,Spain,0,0
2020-01-31,Spain,0,0
2020-02-01,Spain,0,1
2020-02-02,Spain,0,1
2020-02-03,Spain,0,1
2020-02-04,Spain,0,1
2020-02-05,Spain,0,1
2020-02-06,Spain,0,1
2020-02-07,Spain,0,1
2020-02-08,Spain,0,1
2020-02-09,Spain,0,1
2020-02-10,Spain,0,2
2020-02-11,Spain,0,2
2020-02-12,Spain,0,2
2020-02-13,Spain,0,2
2020-02-14,Spain,0,2
2020-02-15,Spain,0,2
2020-02-16,Spain,0,2
2020-02-17,Spain,0,2
2020-02-18,Spain,0,2
2020-02-19,Spain,0,2
2020-02-20,Spain,0,2
2020-02-21,Spain,0,2
2020-02-22,Spain,0,2
2020-02-23,Spain,0,2
2020-02-24,Spain,0,2
2020-02-25,Spain,0,3
2020-02-26,Spain,0,7
2020-02-27,Spain,0,12
2020-02-28,Spain,0,25
2020-02-29,Spain,0,34
2020-03-01,Spain,0,66
2020-03-02,Spain,0,83
2020-03-03,Spain,0,114
2020-03-04,Spain,0,151
2020-03-05,Spain,0,200
2020-03-06,Spain,0,261
2020-03-07,Spain,0,374
2020-03-08,Spain,0,430
2020-03-09,Spain,0,589
2020-03-10,Spain,0,1204
2020-03-11,Spain,0,1639
2020-03-12,Spain,0,2140
2020-03-13,Spain,0,3004
2020-03-14,Spain,0,4231
2020-03-15,Spain,0,5753
2020-03-16,Spain,0,7753
2020-03-17,Spain,0,9191
2020-03-18,Spain,0,11178
2020-03-19,Spain,0,13716
2020-03-20,Spain,0,17147
2020-03-21,Spain,0,19980
2020-03-22,Spain,0,24926
2020-03-23,Spain,0,28572
2020-03-24,Spain,0,33089
2020-03-25,Spain,0,39673
2020-03-26,Spain,0,47610
2020-03-27,Spain,0,56188
2020-03-28,Spain,0,64059
2020-03-29,Spain,0,72248
2020-03-30,Spain,0,78797
2020-03-31,Spain,0,85195
2020-04-01,Spain,0,94417
2020-04-02,Spain,0,102136
2020-04-03,Spain,0,110238
2020-04-04,Spain,0,117710
2020-04-05,Spain,0,124736
2020-04-06,Spain,0,130759
2020-04-07,Spain,0,135032
2020-04-08,Spain,0,140510
2020-04-09,Spain,0,146690
2020-04-10,Spain,0,152446
2020-04-11,Spain,0,157022
2020-04-12,Spain,0,161852
2020-04-13,Spain,0,166019
2020-04-14,Spain,0,169496
2020-04-15,Spain,0,172541
2020-04-16,Spain,0,177633
2020-04-17,Spain,0,182816
2019-12-31,Belgium,0,0
2020-01-01,Belgium,0,0
2020-01-02,Belgium,0,0
2020-01-03,Belgium,0,0
2020-01-04,Belgium,0,0
2020-01-05,Belgium,0,0
2020-01-06,Belgium,0,0
2020-01-07,Belgium,0,0
2020-01-08,Belgium,0,0
2020-01-09,Belgium,0,0
2020-01-10,Belgium,0,0
2020-01-11,Belgium,0,0
2020-01-12,Belgium,0,0
2020-01-13,Belgium,0,0
2020-01-14,Belgium,0,0
2020-01-15,Belgium,0,0
2020-01-16,Belgium,0,0
2020-01-17,Belgium,0,0
2020-01-18,Belgium,0,0
2020-01-19,Belgium,0,0
2020-01-20,Belgium,0,0
2020-01-21,Belgium,0,0
2020-01-22,Belgium,0,0
2020-01-23,Belgium,0,0
2020-01-24,Belgium,0,0
2020-01-25,Belgium,0,0
2020-01-26,Belgium,0,0
2020-01-27,Belgium,0,0
2020-01-28,Belgium,0,0
2020-01-29,Belgium,0,0
2020-01-30,Belgium,0,0
2020-01-31,Belgium,0,0
2020-02-01,Belgium,0,0
2020-02-02,Belgium,0,0
2020-02-03,Belgium,0,0
2020-02-04,Belgium,0,1
2020-02-05,Belgium,0,1
2020-02-06,Belgium,0,1
2020-02-07,Belgium,0,1
2020-02-08,Belgium,0,1
2020-02-09,Belgium,0,1
2020-02-10,Belgium,0,1
2020-02-11,Belgium,0,1
2020-02-12,Belgium,0,1
2020-02-13,Belgium,0,1
2020-02-14,Belgium,0,1
2020-02-15,Belgium,0,1
2020-02-16,Belgium,0,1
2020-02-17,Belgium,0,1
2020-02-18,Belgium,0,1
2020-02-19,Belgium,0,1
2020-02-20,Belgium,0,1
2020-02-21,Belgium,0,1
2020-02-22,Belgium,0,1
2020-02-23,Belgium,0,1
2020-02-24,Belgium,0,1
2020-02-25,Belgium,0,1
2020-02-26,Belgium,0,1
2020-02-27,Belgium,0,1
2020-02-28,Belgium,0,1
2020-02-29,Belgium,0,1
2020-03-01,Belgium,0,1
2020-03-02,Belgium,0,2
2020-03-03,Belgium,0,8
2020-03-04,Belgium,0,13
2020-03-05,Belgium,0,23
2020-03-06,Belgium,0,50
2020-03-07,Belgium,0,109
2020-03-08,Belgium,0,169
2020-03-09,Belgium,0,200
2020-03-10,Belgium,0,239
2020-03-11,Belgium,0,267
2020-03-12,Belgium,0,314
2020-03-13,Belgium,0,399
2020-03-14,Belgium,0,559
2020-03-15,Belgium,0,689
2020-03-16,Belgium,0,886
2020-03-17,Belgium,0,1085
2020-03-18,Belgium,0,1243
2020-03-19,Belgium,0,1486
2020-03-20,Belgium,0,1795
2020-03-21,Belgium,0,2257
2020-03-22,Belgium,0,2815
2020-03-23,Belgium,0,3401
2020-03-24,Belgium,0,3743
2020-03-25,Belgium,0,4269
2020-03-26,Belgium,0,4937
2020-03-27,Belgium,0,6235
2020-03-28,Belgium,0,7284
2020-03-29,Belgium,0,9134
2020-03-30,Belgium,0,10836
2020-03-31,Belgium,0,11899
2020-04-01,Belgium,0,12775
2020-04-02,Belgium,0,13964
2020-04-03,Belgium,0,15348
2020-04-04,Belgium,0,16770
2020-04-05,Belgium,0,18431
2020-04-06,Belgium,0,19691
2020-04-07,Belgium,0,20814
2020-04-08,Belgium,0,22194
2020-04-09,Belgium,0,23403
2020-04-10,Belgium,0,24983
2020-04-11,Belgium,0,26667
2020-04-12,Belgium,0,28018
2020-04-13,Belgium,0,29647
2020-04-14,Belgium,0,30589
2020-04-15,Belgium,0,31119
2020-04-16,Belgium,0,33573
2020-04-17,Belgium,0,34809
2019-12-31,Denmark,0,0
2020-01-01,Denmark,0,0
2020-01-02,Denmark,0,0
2020-01-03,Denmark,0,0
2020-01-04,Denmark,0,0
2020-01-05,Denmark,0,0
2020-01-06,Denmark,0,0
2020-01-07,Denmark,0,0
2020-01-08,Denmark,0,0
2020-01-09,Denmark,0,0
2020-01-10,Denmark,0,0
2020-01-11,Denmark,0,0
2020-01-12,Denmark,0,0
2020-01-13,Denmark,0,0
2020-01-14,Denmark,0,0
2020-01-15,Denmark,0,0
2020-01-16,Denmark,0,0
2020-01-17,Denmark,0,0
2020-01-18,Denmark,0,0
2020-01-19,Denmark,0,0
2020-01-20,Denmark,0,0
2020-01-21,Denmark,0,0
2020-01-22,Denmark,0,0
2020-01-23,Denmark,0,0
2020-01-24,Denmark,0,0
2020-01-25,Denmark,0,0
2020-01-26,Denmark,0,0
2020-01-27,Denmark,0,0
2020-01-28,Denmark,0,0
2020-01-29,Denmark,0,0
2020-01-30,Denmark,0,0
2020-01-31,Denmark,0,0
2020-02-01,Denmark,0,0
2020-02-02,Denmark,0,0
2020-02-03,Denmark,0,0
2020-02-04,Denmark,0,0
2020-02-05,Denmark,0,0
2020-02-06,Denmark,0,0
2020-02-07,Denmark,0,0
2020-02-08,Denmark,0,0
2020-02-09,Denmark,0,0
2020-02-10,Denmark,0,0
2020-02-11,Denmark,0,0
2020-02-12,Denmark,0,0
2020-02-13,Denmark,0,0
2020-02-14,Denmark,0,0
2020-02-15,Denmark,0,0
2020-02-16,Denmark,0,0
2020-02-17,Denmark,0,0
2020-02-18,Denmark,0,0
2020-02-19,Denmark,0,0
2020-02-20,Denmark,0,0
2020-02-21,Denmark,0,0
2020-02-22,Denmark,0,0
2020-02-23,Denmark,0,0
2020-02-24,Denmark,0,0
2020-02-25,Denmark,0,0
2020-02-26,Denmark,0,0
2020-02-27,Denmark,0,1
2020-02-28,Denmark,0,1
2020-02-29,Denmark,0,2
2020-03-01,Denmark,0,3
2020-03-02,Denmark,0,4
2020-03-03,Denmark,0,5
2020-03-04,Denmark,0,8
2020-03-05,Denmark,0,10
2020-03-06,Denmark,0,20
2020-03-07,Denmark,0,23
2020-03-08,Denmark,0,31
2020-03-09,Denmark,0,38
2020-03-10,Denmark,0,113
2020-03-11,Denmark,0,264
2020-03-12,Denmark,0,516
2020-03-13,Denmark,0,676
2020-03-14,Denmark,0,804
2020-03-15,Denmark,0,827
2020-03-16,Denmark,0,875
2020-03-17,Denmark,0,932
2020-03-18,Denmark,0,1024
2020-03-19,Denmark,0,1115
2020-03-20,Denmark,0,1151
2020-03-21,Denmark,0,1255
2020-03-22,Denmark,0,1326
2020-03-23,Denmark,0,1395
2020-03-24,Denmark,0,1460
2020-03-25,Denmark,0,1591
2020-03-26,Denmark,0,1724
2020-03-27,Denmark,0,1877
2020-03-28,Denmark,0,2046
2020-03-29,Denmark,0,2201
2020-03-30,Denmark,0,2395
2020-03-31,Denmark,0,2577
2020-04-01,Denmark,0,2860
2020-04-02,Denmark,0,3107
2020-04-03,Denmark,0,3386
2020-04-04,Denmark,0,3757
2020-04-05,Denmark,0,4077
2020-04-06,Denmark,0,4369
2020-04-07,Denmark,0,4681
2020-04-08,Denmark,0,5071
2020-04-09,Denmark,0,5402
2020-04-10,Denmark,0,5635
2020-04-11,Denmark,0,5819
2020-04-12,Denmark,0,5996
2020-04-13,Denmark,0,6174
2020-04-14,Denmark,0,6318
2020-04-15,Denmark,0,6511
2020-04-16,Denmark,0,6681
2020-04-17,Denmark,0,6879
2019-12-31,Italy,0,0
2020-01-01,Italy,0,0
2020-01-02,Italy,0,0
2020-01-03,Italy,0,0
2020-01-04,Italy,0,0
2020-01-05,Italy,0,0
2020-01-06,Italy,0,0
2020-01-07,Italy,0,0
2020-01-08,Italy,0,0
2020-01-09,Italy,0,0
2020-01-10,Italy,0,0
2020-01-11,Italy,0,0
2020-01-12,Italy,0,0
2020-01-13,Italy,0,0
2020-01-14,Italy,0,0
2020-01-15,Italy,0,0
2020-01-16,Italy,0,0
2020-01-17,Italy,0,0
2020-01-18,Italy,0,0
2020-01-19,Italy,0,0
2020-01-20,Italy,0,0
2020-01-21,Italy,0,0
2020-01-22,Italy,0,0
2020-01-23,Italy,0,0
2020-01-24,Italy,0,0
2020-01-25,Italy,0,0
2020-01-26,Italy,0,0
2020-01-27,Italy,0,0
2020-01-28,Italy,0,0
2020-01-29,Italy,0,0
2020-01-30,Italy,0,0
2020-01-31,Italy,0,3
2020-02-01,Italy,0,3
2020-02-02,Italy,0,3
2020-02-03,Italy,0,3
2020-02-04,Italy,0,3
2020-02-05,Italy,0,3
2020-02-06,Italy,0,3
2020-02-07,Italy,0,3
2020-02-08,Italy,0,3
2020-02-09,Italy,0,3
2020-02-10,Italy,0,3
2020-02-11,Italy,0,3
2020-02-12,Italy,0,3
2020-02-13,Italy,0,3
2020-02-14,Italy,0,3
2020-02-15,Italy,0,3
2020-02-16,Italy,0,3
2020-02-17,Italy,0,3
2020-02-18,Italy,0,3
2020-02-19,Italy,0,3
2020-02-20,Italy,0,3
2020-02-21,Italy,0,3
2020-02-22,Italy,0,17
2020-02-23,Italy,0,79
2020-02-24,Italy,0,132
2020-02-25,Italy,0,229
2020-02-26,Italy,0,322
2020-02-27,Italy,0,400
2020-02-28,Italy,0,650
2020-02-29,Italy,0,888
2020-03-01,Italy,0,1128
2020-03-02,Italy,0,1689
2020-03-03,Italy,0,2036
2020-03-04,Italy,0,2502
2020-03-05,Italy,0,3089
2020-03-06,Italy,0,3858
2020-03-07,Italy,0,4636
2020-03-08,Italy,0,5883
2020-03-09,Italy,0,7375
2020-03-10,Italy,0,9172
2020-03-11,Italy,0,10149
2020-03-12,Italy,0,12462
2020-03-13,Italy,0,15113
2020-03-14,Italy,0,17660
2020-03-15,Italy,0,21157
2020-03-16,Italy,0,23980
2020-03-17,Italy,0,27980
2020-03-18,Italy,0,31506
2020-03-19,Italy,0,35713
2020-03-20,Italy,0,41035
2020-03-21,Italy,0,47021
2020-03-22,Italy,0,53578
2020-03-23,Italy,0,59138
2020-03-24,Italy,0,63927
2020-03-25,Italy,0,69176
2020-03-26,Italy,0,74386
2020-03-27,Italy,0,80539
2020-03-28,Italy,0,86498
2020-03-29,Italy,0,92472
2020-03-30,Italy,0,97689
2020-03-31,Italy,0,101739
2020-04-01,Italy,0,105792
2020-04-02,Italy,0,110574
2020-04-03,Italy,0,115242
2020-04-04,Italy,0,119827
2020-04-05,Italy,0,124632
2020-04-06,Italy,0,128948
2020-04-07,Italy,0,132547
2020-04-08,Italy,0,135586
2020-04-09,Italy,0,139422
2020-04-10,Italy,0,143626
2020-04-11,Italy,0,147577
2020-04-12,Italy,0,152271
2020-04-13,Italy,0,156363
2020-04-14,Italy,0,159516
2020-04-15,Italy,0,162488
2020-04-16,Italy,0,165155
2020-04-17,Italy,0,168941
2019-12-31,Germany,0,0
2020-01-01,Germany,0,0
2020-01-02,Germany,0,0
2020-01-03,Germany,0,0
2020-01-04,Germany,0,0
2020-01-05,Germany,0,0
2020-01-06,Germany,0,0
2020-01-07,Germany,0,0
2020-01-08,Germany,0,0
2020-01-09,Germany,0,0
2020-01-10,Germany,0,0
2020-01-11,Germany,0,0
2020-01-12,Germany,0,0
2020-01-13,Germany,0,0
2020-01-14,Germany,0,0
2020-01-15,Germany,0,0
2020-01-16,Germany,0,0
2020-01-17,Germany,0,0
2020-01-18,Germany,0,0
2020-01-19,Germany,0,0
2020-01-20,Germany,0,0
2020-01-21,Germany,0,0
2020-01-22,Germany,0,0
2020-01-23,Germany,0,0
2020-01-24,Germany,0,0
2020-01-25,Germany,0,0
2020-01-26,Germany,0,0
2020-01-27,Germany,0,0
2020-01-28,Germany,0,1
2020-01-29,Germany,0,4
2020-01-30,Germany,0,4
2020-01-31,Germany,0,5
2020-02-01,Germany,0,7
2020-02-02,Germany,0,8
2020-02-03,Germany,0,9
2020-02-04,Germany,0,11
2020-02-05,Germany,0,11
2020-02-06,Germany,0,11
2020-02-07,Germany,0,12
2020-02-08,Germany,0,13
2020-02-09,Germany,0,13
2020-02-10,Germany,0,13
2020-02-11,Germany,0,13
2020-02-12,Germany,0,15
2020-02-13,Germany,0,15
2020-02-14,Germany,0,15
2020-02-15,Germany,0,15
2020-02-16,Germany,0,15
2020-02-17,Germany,0,15
2020-02-18,Germany,0,15
2020-02-19,Germany,0,15
2020-02-20,Germany,0,15
2020-02-21,Germany,0,15
2020-02-22,Germany,0,15
2020-02-23,Germany,0,15
2020-02-24,Germany,0,15
2020-02-25,Germany,0,15
2020-02-26,Germany,0,17
2020-02-27,Germany,0,21
2020-02-28,Germany,0,47
2020-02-29,Germany,0,57
2020-03-01,Germany,0,111
2020-03-02,Germany,0,129
2020-03-03,Germany,0,157
2020-03-04,Germany,0,196
2020-03-05,Germany,0,262
2020-03-06,Germany,0,400
2020-03-07,Germany,0,684
2020-03-08,Germany,0,847
2020-03-09,Germany,0,902
2020-03-10,Germany,0,1139
2020-03-11,Germany,0,1296
2020-03-12,Germany,0,1567
2020-03-13,Germany,0,2369
2020-03-14,Germany,0,3062
2020-03-15,Germany,0,3795
2020-03-16,Germany,0,4838
2020-03-17,Germany,0,6012
2020-03-18,Germany,0,7156
2020-03-19,Germany,0,8198
2020-03-20,Germany,0,14138
2020-03-21,Germany,0,18187
2020-03-22,Germany,0,21463
2020-03-23,Germany,0,24774
2020-03-24,Germany,0,29212
2020-03-25,Germany,0,31554
2020-03-26,Germany,0,36508
2020-03-27,Germany,0,42288
2020-03-28,Germany,0,48582
2020-03-29,Germany,0,52547
2020-03-30,Germany,0,57298
2020-03-31,Germany,0,61913
2020-04-01,Germany,0,67366
2020-04-02,Germany,0,73522
2020-04-03,Germany,0,79696
2020-04-04,Germany,0,85778
2020-04-05,Germany,0,91714
2020-04-06,Germany,0,95391
2020-04-07,Germany,0,99225
2020-04-08,Germany,0,103228
2020-04-09,Germany,0,108202
2020-04-10,Germany,0,113525
2020-04-11,Germany,0,117658
2020-04-12,Germany,0,120479
2020-04-13,Germany,0,123016
2020-04-14,Germany,0,125098
2020-04-15,Germany,0,127584
2020-04-16,Germany,0,130450
2020-04-17,Germany,0,133830
2019-12-31,United_Kingdom,0,0
2020-01-01,United_Kingdom,0,0
2020-01-02,United_Kingdom,0,0
2020-01-03,United_Kingdom,0,0
2020-01-04,United_Kingdom,0,0
2020-01-05,United_Kingdom,0,0
2020-01-06,United_Kingdom,0,0
2020-01-07,United_Kingdom,0,0
2020-01-08,United_Kingdom,0,0
2020-01-09,United_Kingdom,0,0
2020-01-10,United_Kingdom,0,0
2020-01-11,United_Kingdom,0,0
2020-01-12,United_Kingdom,0,0
2020-01-13,United_Kingdom,0,0
2020-01-14,United_Kingdom,0,0
2020-01-15,United_Kingdom,0,0
2020-01-16,United_Kingdom,0,0
2020-01-17,United_Kingdom,0,0
2020-01-18,United_Kingdom,0,0
2020-01-19,United_Kingdom,0,0
2020-01-20,United_Kingdom,0,0
2020-01-21,United_Kingdom,0,0
2020-01-22,United_Kingdom,0,0
2020-01-23,United_Kingdom,0,0
2020-01-24,United_Kingdom,0,0
2020-01-25,United_Kingdom,0,0
2020-01-26,United_Kingdom,0,0
2020-01-27,United_Kingdom,0,0
2020-01-28,United_Kingdom,0,0
2020-01-29,United_Kingdom,0,0
2020-01-30,United_Kingdom,0,0
2020-01-31,United_Kingdom,0,2
2020-02-01,United_Kingdom,0,2
2020-02-02,United_Kingdom,0,2
2020-02-03,United_Kingdom,0,2
2020-02-04,United_Kingdom,0,2
2020-02-05,United_Kingdom,0,2
2020-02-06,United_Kingdom,0,2
2020-02-07,United_Kingdom,0,3
2020-02-08,United_Kingdom,0,3
2020-02-09,United_Kingdom,0,4
2020-02-10,United_Kingdom,0,4
2020-02-11,United_Kingdom,0,8
2020-02-12,United_Kingdom,0,8
2020-02-13,United_Kingdom,0,9
2020-02-14,United_Kingdom,0,9
2020-02-15,United_Kingdom,0,9
2020-02-16,United_Kingdom,0,9
2020-02-17,United_Kingdom,0,9
2020-02-18,United_Kingdom,0,9
2020-02-19,United_Kingdom,0,9
2020-02-20,United_Kingdom,0,9
2020-02-21,United_Kingdom,0,9
2020-02-22,United_Kingdom,0,9
2020-02-23,United_Kingdom,0,9
2020-02-24,United_Kingdom,0,13
2020-02-25,United_Kingdom,0,13
2020-02-26,United_Kingdom,0,13
2020-02-27,United_Kingdom,0,13
2020-02-28,United_Kingdom,0,16
2020-02-29,United_Kingdom,0,18
2020-03-01,United_Kingdom,0,23
2020-03-02,United_Kingdom,0,36
2020-03-03,United_Kingdom,0,40
2020-03-04,United_Kingdom,0,51
2020-03-05,United_Kingdom,0,85
2020-03-06,United_Kingdom,0,115
2020-03-07,United_Kingdom,0,163
2020-03-08,United_Kingdom,0,206
2020-03-09,United_Kingdom,0,273
2020-03-10,United_Kingdom,0,321
2020-03-11,United_Kingdom,0,373
2020-03-12,United_Kingdom,0,456
2020-03-13,United_Kingdom,0,590
2020-03-14,United_Kingdom,0,707
2020-03-15,United_Kingdom,0,1140
2020-03-16,United_Kingdom,0,1391
2020-03-17,United_Kingdom,0,1543
2020-03-18,United_Kingdom,0,1950
2020-03-19,United_Kingdom,0,2630
2020-03-20,United_Kingdom,0,3277
2020-03-21,United_Kingdom,0,3983
2020-03-22,United_Kingdom,0,5018
2020-03-23,United_Kingdom,0,5683
2020-03-24,United_Kingdom,0,6650
2020-03-25,United_Kingdom,0,8077
2020-03-26,United_Kingdom,0,9529
2020-03-27,United_Kingdom,0,11658
2020-03-28,United_Kingdom,0,14543
2020-03-29,United_Kingdom,0,17089
2020-03-30,United_Kingdom,0,19522
2020-03-31,United_Kingdom,0,22141
2020-04-01,United_Kingdom,0,25150
2020-04-02,United_Kingdom,0,29474
2020-04-03,United_Kingdom,0,33718
2020-04-04,United_Kingdom,0,38168
2020-04-05,United_Kingdom,0,41903
2020-04-06,United_Kingdom,0,47806
2020-04-07,United_Kingdom,0,51608
2020-04-08,United_Kingdom,0,55242
2020-04-09,United_Kingdom,0,60733
2020-04-10,United_Kingdom,0,65077
2020-04-11,United_Kingdom,0,70272
2020-04-12,United_Kingdom,0,78991
2020-04-13,United_Kingdom,0,84279
2020-04-14,United_Kingdom,0,88621
2020-04-15,United_Kingdom,0,93873
2020-04-16,United_Kingdom,0,98476
2020-04-17,United_Kingdom,0,103093
2019-12-31,Estonia,0,0
2020-01-01,Estonia,0,0
2020-01-02,Estonia,0,0
2020-01-03,Estonia,0,0
2020-01-04,Estonia,0,0
2020-01-05,Estonia,0,0
2020-01-06,Estonia,0,0
2020-01-07,Estonia,0,0
2020-01-08,Estonia,0,0
2020-01-09,Estonia,0,0
2020-01-10,Estonia,0,0
2020-01-11,Estonia,0,0
2020-01-12,Estonia,0,0
2020-01-13,Estonia,0,0
2020-01-14,Estonia,0,0
2020-01-15,Estonia,0,0
2020-01-16,Estonia,0,0
2020-01-17,Estonia,0,0
2020-01-18,Estonia,0,0
2020-01-19,Estonia,0,0
2020-01-20,Estonia,0,0
2020-01-21,Estonia,0,0
2020-01-22,Estonia,0,0
2020-01-23,Estonia,0,0
2020-01-24,Estonia,0,0
2020-01-25,Estonia,0,0
2020-01-26,Estonia,0,0
2020-01-27,Estonia,0,0
2020-01-28,Estonia,0,0
2020-01-29,Estonia,0,0
2020-01-30,Estonia,0,0
2020-01-31,Estonia,0,0
2020-02-01,Estonia,0,0
2020-02-02,Estonia,0,0
2020-02-03,Estonia,0,0
2020-02-04,Estonia,0,0
2020-02-05,Estonia,0,0
2020-02-06,Estonia,0,0
2020-02-07,Estonia,0,0
2020-02-08,Estonia,0,0
2020-02-09,Estonia,0,0
2020-02-10,Estonia,0,0
2020-02-11,Estonia,0,0
2020-02-12,Estonia,0,0
2020-02-13,Estonia,0,0
2020-02-14,Estonia,0,0
2020-02-15,Estonia,0,0
2020-02-16,Estonia,0,0
2020-02-17,Estonia,0,0
2020-02-18,Estonia,0,0
2020-02-19,Estonia,0,0
2020-02-20,Estonia,0,0
2020-02-21,Estonia,0,0
2020-02-22,Estonia,0,0
2020-02-23,Estonia,0,0
2020-02-24,Estonia,0,0
2020-02-25,Estonia,0,0
2020-02-26,Estonia,0,0
2020-02-27,Estonia,0,0
2020-02-28,Estonia,0,1
2020-02-29,Estonia,0,1
2020-03-01,Estonia,0,1
2020-03-02,Estonia,0,1
2020-03-04,Estonia,0,2
2020-03-06,Estonia,0,5
2020-03-07,Estonia,0,10
2020-03-11,Estonia,0,13
2020-03-12,Estonia,0,16
2020-03-13,Estonia,0,27
2020-03-14,Estonia,0,79
2020-03-15,Estonia,0,115
2020-03-16,Estonia,0,171
2020-03-17,Estonia,0,205
2020-03-18,Estonia,0,225
2020-03-19,Estonia,0,258
2020-03-20,Estonia,0,267
2020-03-21,Estonia,0,283
2020-03-22,Estonia,0,306
2020-03-23,Estonia,0,326
2020-03-24,Estonia,0,352
2020-03-25,Estonia,0,369
2020-03-26,Estonia,0,404
2020-03-27,Estonia,0,538
2020-03-28,Estonia,0,575
2020-03-29,Estonia,0,640
2020-03-30,Estonia,0,679
2020-03-31,Estonia,0,715
2020-04-01,Estonia,0,745
2020-04-02,Estonia,0,779
2020-04-03,Estonia,0,858
2020-04-04,Estonia,0,961
2020-04-05,Estonia,0,1018
2020-04-06,Estonia,0,1097
2020-04-07,Estonia,0,1108
2020-04-08,Estonia,0,1149
2020-04-09,Estonia,0,1185
2020-04-10,Estonia,0,1207
2020-04-11,Estonia,0,1258
2020-04-12,Estonia,0,1304
2020-04-13,Estonia,0,1309
2020-04-14,Estonia,0,1332
2020-04-15,Estonia,0,1373
2020-04-16,Estonia,0,1402
2020-04-17,Estonia,0,1434
