state,date,ML,Low,High
Alabama,2020-03-13,2.0,0.34,6.43
Alabama,2020-03-14,1.53,0.47000000000000003,2.95
Alabama,2020-03-15,1.42,0.51,2.5100000000000002
Alabama,2020-03-16,1.47,0.62,2.38
Alabama,2020-03-17,1.61,0.85,2.42
Alabama,2020-03-18,1.72,1.04,2.41
Alabama,2020-03-19,1.73,1.1400000000000001,2.34
Alabama,2020-03-20,1.73,1.2,2.29
Alabama,2020-03-21,1.73,1.23,2.22
Alabama,2020-03-22,1.9000000000000001,1.47,2.36
Alabama,2020-03-23,2.07,1.69,2.47
Alabama,2020-03-24,2.11,1.79,2.47
Alabama,2020-03-25,2.04,1.74,2.33
Alabama,2020-03-26,1.9000000000000001,1.6400000000000001,2.17
Alabama,2020-03-27,1.73,1.49,1.97
Alabama,2020-03-28,1.57,1.34,1.79
Alabama,2020-03-29,1.3900000000000001,1.18,1.61
Alabama,2020-03-30,1.25,1.05,1.47
Alabama,2020-03-31,1.21,1.01,1.42
Alabama,2020-04-01,1.18,0.99,1.3900000000000001
Alabama,2020-04-02,1.21,1.03,1.42
Alabama,2020-04-03,1.25,1.07,1.45
Alabama,2020-04-04,1.31,1.1300000000000001,1.49
Alabama,2020-04-05,1.36,1.2,1.55
Alabama,2020-04-06,1.4000000000000001,1.24,1.57
Alabama,2020-04-07,1.36,1.2,1.51
Alabama,2020-04-08,1.35,1.2,1.5
Alabama,2020-04-09,1.31,1.16,1.45
Alabama,2020-04-10,1.26,1.12,1.4000000000000001
Alabama,2020-04-11,1.2,1.06,1.33
Alabama,2020-04-12,1.1400000000000001,1.01,1.28
Alabama,2020-04-13,1.07,0.9400000000000001,1.21
Alabama,2020-04-14,1.04,0.91,1.18
Alabama,2020-04-15,0.98,0.85,1.12
Alaska,2020-03-14,2.0,0.34,6.43
Alaska,2020-03-15,2.35,0.48,5.72
Alaska,2020-03-16,2.43,0.64,4.98
Alaska,2020-03-17,2.35,0.72,4.39
Alaska,2020-03-18,2.43,0.87,4.11
Alaska,2020-03-19,2.06,0.78,3.5100000000000002
Alaska,2020-03-20,2.08,0.9,3.38
Alaska,2020-03-21,2.05,0.76,3.27
Alaska,2020-03-22,2.07,0.96,3.17
Alaska,2020-03-23,1.97,0.96,2.91
Alaska,2020-03-24,1.93,1.05,2.79
Alaska,2020-03-25,1.83,1.05,2.62
Alaska,2020-03-26,1.79,1.07,2.49
Alaska,2020-03-27,1.57,0.91,2.23
Alaska,2020-03-28,1.45,0.8300000000000001,2.08
Alaska,2020-03-29,1.27,0.67,1.8800000000000001
Alaska,2020-03-30,1.1400000000000001,0.55,1.74
Alaska,2020-03-31,0.98,0.39,1.58
Alaska,2020-04-01,0.86,0.28,1.48
Alaska,2020-04-02,0.81,0.21,1.42
Alaska,2020-04-03,0.8200000000000001,0.19,1.42
Alaska,2020-04-04,0.89,0.25,1.51
Alaska,2020-04-05,1.0,0.37,1.6500000000000001
Alaska,2020-04-06,1.11,0.48,1.75
Alaska,2020-04-07,1.18,0.56,1.8
Alaska,2020-04-08,1.17,0.5700000000000001,1.79
Alaska,2020-04-09,1.12,0.53,1.73
Alaska,2020-04-10,1.09,0.49,1.67
Alaska,2020-04-11,0.98,0.38,1.56
Alaska,2020-04-12,0.91,0.31,1.5
Alaska,2020-04-13,0.8300000000000001,0.23,1.43
Alaska,2020-04-14,0.78,0.16,1.37
Alaska,2020-04-15,0.76,0.16,1.4000000000000001
Arizona,2020-03-03,2.0,0.34,6.43
Arizona,2020-03-04,1.8800000000000001,0.38,5.01
Arizona,2020-03-05,1.8,0.38,4.45
Arizona,2020-03-06,1.74,0.4,4.13
Arizona,2020-03-07,1.96,0.5,4.24
Arizona,2020-03-08,1.83,0.46,3.79
Arizona,2020-03-09,1.73,0.46,3.52
Arizona,2020-03-10,1.3800000000000001,0.0,3.22
Arizona,2020-03-11,1.35,0.0,3.12
Arizona,2020-03-12,1.32,0.0,3.0300000000000002
Arizona,2020-03-13,1.57,0.01,3.15
Arizona,2020-03-14,1.5,0.01,2.99
Arizona,2020-03-15,1.6500000000000001,0.09,3.09
Arizona,2020-03-16,2.2,0.66,3.64
Arizona,2020-03-17,2.57,1.27,3.7600000000000002
Arizona,2020-03-18,2.82,1.82,3.81
Arizona,2020-03-19,2.81,2.0,3.58
Arizona,2020-03-20,2.79,2.17,3.44
Arizona,2020-03-21,2.7,2.18,3.2
Arizona,2020-03-22,2.5,2.08,2.93
Arizona,2020-03-23,2.3000000000000003,1.93,2.65
Arizona,2020-03-24,2.15,1.85,2.48
Arizona,2020-03-25,1.97,1.71,2.27
Arizona,2020-03-26,1.85,1.6,2.1
Arizona,2020-03-27,1.75,1.54,2.0
Arizona,2020-03-28,1.6400000000000001,1.43,1.85
Arizona,2020-03-29,1.54,1.34,1.73
Arizona,2020-03-30,1.44,1.26,1.6300000000000001
Arizona,2020-03-31,1.33,1.16,1.52
Arizona,2020-04-01,1.29,1.12,1.47
Arizona,2020-04-02,1.26,1.09,1.42
Arizona,2020-04-03,1.22,1.07,1.4000000000000001
Arizona,2020-04-04,1.19,1.04,1.36
Arizona,2020-04-05,1.1500000000000001,1.0,1.31
Arizona,2020-04-06,1.11,0.97,1.28
Arizona,2020-04-07,1.08,0.92,1.22
Arizona,2020-04-08,1.05,0.9,1.2
Arizona,2020-04-09,1.02,0.87,1.17
Arizona,2020-04-10,0.99,0.84,1.1400000000000001
Arizona,2020-04-11,0.9500000000000001,0.8,1.1
Arizona,2020-04-12,0.92,0.77,1.08
Arizona,2020-04-13,0.88,0.73,1.04
Arizona,2020-04-14,0.9,0.75,1.07
Arizona,2020-04-15,0.85,0.6900000000000001,1.01
Arkansas,2020-03-11,2.0,0.34,6.43
Arkansas,2020-03-12,1.83,0.46,3.79
Arkansas,2020-03-13,1.59,0.45,3.09
Arkansas,2020-03-14,1.57,0.52,2.89
Arkansas,2020-03-15,1.55,0.56,2.71
Arkansas,2020-03-16,1.75,0.75,2.77
Arkansas,2020-03-17,2.1,1.17,2.98
Arkansas,2020-03-18,2.23,1.43,3.02
Arkansas,2020-03-19,2.31,1.6300000000000001,2.98
Arkansas,2020-03-20,2.25,1.69,2.85
Arkansas,2020-03-21,2.09,1.59,2.6
Arkansas,2020-03-22,1.98,1.53,2.42
Arkansas,2020-03-23,1.82,1.43,2.24
Arkansas,2020-03-24,1.6500000000000001,1.28,2.02
Arkansas,2020-03-25,1.51,1.17,1.87
Arkansas,2020-03-26,1.33,1.0,1.67
Arkansas,2020-03-27,1.21,0.88,1.53
Arkansas,2020-03-28,1.1400000000000001,0.8200000000000001,1.46
Arkansas,2020-03-29,1.08,0.76,1.3900000000000001
Arkansas,2020-03-30,1.11,0.81,1.44
Arkansas,2020-03-31,1.1300000000000001,0.8300000000000001,1.45
Arkansas,2020-04-01,1.1,0.81,1.42
Arkansas,2020-04-02,1.1400000000000001,0.85,1.45
Arkansas,2020-04-03,1.16,0.87,1.46
Arkansas,2020-04-04,1.19,0.91,1.48
Arkansas,2020-04-05,1.23,0.96,1.52
Arkansas,2020-04-06,1.22,0.9500000000000001,1.49
Arkansas,2020-04-07,1.18,0.92,1.45
Arkansas,2020-04-08,1.16,0.9,1.42
Arkansas,2020-04-09,1.07,0.8200000000000001,1.34
Arkansas,2020-04-10,1.09,0.84,1.35
Arkansas,2020-04-11,1.07,0.8300000000000001,1.34
Arkansas,2020-04-12,1.09,0.85,1.35
Arkansas,2020-04-13,1.1,0.86,1.35
Arkansas,2020-04-14,1.12,0.89,1.3800000000000001
Arkansas,2020-04-15,1.16,0.93,1.41
California,2020-02-19,2.0,0.34,6.43
California,2020-02-20,1.8800000000000001,0.38,5.01
California,2020-02-21,1.8,0.38,4.45
California,2020-02-22,1.74,0.4,4.13
California,2020-02-23,2.2800000000000002,0.61,4.59
California,2020-02-24,2.5,0.8300000000000001,4.43
California,2020-02-25,2.45,0.96,4.04
California,2020-02-26,2.25,0.68,3.72
California,2020-02-27,1.95,0.5700000000000001,3.2600000000000002
California,2020-02-28,1.67,0.39,2.83
California,2020-02-29,1.57,0.4,2.68
California,2020-03-01,1.42,0.34,2.49
California,2020-03-02,1.52,0.49,2.5500000000000003
California,2020-03-03,1.59,0.61,2.54
California,2020-03-04,1.72,0.8200000000000001,2.59
California,2020-03-05,1.74,0.93,2.5500000000000003
California,2020-03-06,2.0,1.29,2.72
California,2020-03-07,1.98,1.35,2.61
California,2020-03-08,1.8900000000000001,1.33,2.46
California,2020-03-09,1.8,1.29,2.31
California,2020-03-10,1.76,1.3,2.23
California,2020-03-11,1.72,1.3,2.15
California,2020-03-12,1.8,1.42,2.19
California,2020-03-13,1.77,1.43,2.13
California,2020-03-14,1.84,1.54,2.17
California,2020-03-15,1.87,1.6,2.17
California,2020-03-16,1.85,1.6,2.11
California,2020-03-17,1.82,1.59,2.05
California,2020-03-18,1.79,1.59,2.0100000000000002
California,2020-03-19,1.75,1.56,1.94
California,2020-03-20,1.73,1.56,1.9100000000000001
California,2020-03-21,1.7,1.54,1.86
California,2020-03-22,1.69,1.54,1.83
California,2020-03-23,1.73,1.6,1.87
California,2020-03-24,1.76,1.6400000000000001,1.8800000000000001
California,2020-03-25,1.75,1.6400000000000001,1.86
California,2020-03-26,1.7,1.59,1.79
California,2020-03-27,1.6400000000000001,1.55,1.74
California,2020-03-28,1.59,1.5,1.68
California,2020-03-29,1.54,1.46,1.6300000000000001
California,2020-03-30,1.49,1.41,1.56
California,2020-03-31,1.45,1.3800000000000001,1.53
California,2020-04-01,1.41,1.34,1.48
California,2020-04-02,1.36,1.29,1.42
California,2020-04-03,1.29,1.23,1.36
California,2020-04-04,1.24,1.17,1.3
California,2020-04-05,1.18,1.12,1.24
California,2020-04-06,1.1300000000000001,1.06,1.18
California,2020-04-07,1.07,1.01,1.1300000000000001
California,2020-04-08,1.02,0.96,1.08
California,2020-04-09,0.97,0.91,1.03
California,2020-04-10,0.9400000000000001,0.87,0.99
California,2020-04-11,0.92,0.86,0.98
California,2020-04-12,0.91,0.85,0.97
California,2020-04-13,0.93,0.87,0.99
California,2020-04-14,0.96,0.9,1.03
California,2020-04-15,0.99,0.93,1.06
Colorado,2020-03-05,2.0,0.34,6.43
Colorado,2020-03-06,1.41,0.34,3.3000000000000003
Colorado,2020-03-07,1.34,0.34,2.89
Colorado,2020-03-08,1.6500000000000001,0.51,3.06
Colorado,2020-03-09,1.81,0.72,3.0700000000000003
Colorado,2020-03-10,2.23,1.2,3.3000000000000003
Colorado,2020-03-11,2.34,1.46,3.19
Colorado,2020-03-12,2.32,1.59,3.0700000000000003
Colorado,2020-03-13,2.25,1.62,2.88
Colorado,2020-03-14,2.05,1.51,2.62
Colorado,2020-03-15,1.85,1.36,2.36
Colorado,2020-03-16,1.74,1.3,2.21
Colorado,2020-03-17,1.68,1.26,2.09
Colorado,2020-03-18,1.72,1.34,2.1
Colorado,2020-03-19,1.79,1.45,2.14
Colorado,2020-03-20,1.84,1.54,2.16
Colorado,2020-03-21,1.9000000000000001,1.6300000000000001,2.19
Colorado,2020-03-22,1.8900000000000001,1.6500000000000001,2.15
Colorado,2020-03-23,1.9100000000000001,1.7,2.15
Colorado,2020-03-24,1.8900000000000001,1.7,2.1
Colorado,2020-03-25,1.85,1.67,2.0300000000000002
Colorado,2020-03-26,1.76,1.6,1.93
Colorado,2020-03-27,1.6600000000000001,1.51,1.81
Colorado,2020-03-28,1.55,1.41,1.69
Colorado,2020-03-29,1.46,1.33,1.6
Colorado,2020-03-30,1.37,1.24,1.49
Colorado,2020-03-31,1.31,1.19,1.43
Colorado,2020-04-01,1.26,1.1400000000000001,1.3800000000000001
Colorado,2020-04-02,1.22,1.11,1.34
Colorado,2020-04-03,1.17,1.06,1.29
Colorado,2020-04-04,1.11,0.99,1.21
Colorado,2020-04-05,1.03,0.92,1.1400000000000001
Colorado,2020-04-06,1.0,0.88,1.1
Colorado,2020-04-07,0.9500000000000001,0.8300000000000001,1.05
Colorado,2020-04-08,0.9400000000000001,0.8300000000000001,1.06
Colorado,2020-04-09,0.9400000000000001,0.8300000000000001,1.06
Colorado,2020-04-10,0.98,0.87,1.1
Colorado,2020-04-11,1.02,0.91,1.1400000000000001
Colorado,2020-04-12,1.06,0.9500000000000001,1.18
Colorado,2020-04-13,1.05,0.9400000000000001,1.17
Colorado,2020-04-14,1.05,0.9400000000000001,1.16
Colorado,2020-04-15,1.01,0.9,1.12
Connecticut,2020-03-08,2.0,0.34,6.43
Connecticut,2020-03-09,2.35,0.48,5.72
Connecticut,2020-03-10,2.43,0.64,4.98
Connecticut,2020-03-11,2.64,0.87,4.67
Connecticut,2020-03-12,2.54,0.99,4.17
Connecticut,2020-03-13,2.63,1.27,3.97
Connecticut,2020-03-14,2.67,1.55,3.7800000000000002
Connecticut,2020-03-15,2.68,1.71,3.59
Connecticut,2020-03-16,2.73,1.98,3.5
Connecticut,2020-03-17,2.5500000000000003,1.92,3.17
Connecticut,2020-03-18,2.32,1.79,2.85
Connecticut,2020-03-19,2.22,1.77,2.68
Connecticut,2020-03-20,2.09,1.71,2.5100000000000002
Connecticut,2020-03-21,2.11,1.76,2.45
Connecticut,2020-03-22,2.18,1.8900000000000001,2.49
Connecticut,2020-03-23,2.11,1.86,2.38
Connecticut,2020-03-24,2.07,1.85,2.31
Connecticut,2020-03-25,1.97,1.77,2.17
Connecticut,2020-03-26,1.9000000000000001,1.72,2.08
Connecticut,2020-03-27,1.8900000000000001,1.72,2.04
Connecticut,2020-03-28,1.85,1.71,2.0
Connecticut,2020-03-29,1.78,1.6500000000000001,1.92
Connecticut,2020-03-30,1.67,1.55,1.79
Connecticut,2020-03-31,1.61,1.5,1.73
Connecticut,2020-04-01,1.52,1.41,1.62
Connecticut,2020-04-02,1.43,1.33,1.53
Connecticut,2020-04-03,1.3900000000000001,1.29,1.48
Connecticut,2020-04-04,1.35,1.26,1.45
Connecticut,2020-04-05,1.35,1.26,1.44
Connecticut,2020-04-06,1.37,1.29,1.46
Connecticut,2020-04-07,1.33,1.25,1.41
Connecticut,2020-04-08,1.33,1.25,1.41
Connecticut,2020-04-09,1.28,1.21,1.36
Connecticut,2020-04-10,1.22,1.1400000000000001,1.29
Connecticut,2020-04-11,1.1500000000000001,1.08,1.23
Connecticut,2020-04-12,1.08,1.01,1.1500000000000001
Connecticut,2020-04-13,1.01,0.93,1.07
Connecticut,2020-04-14,0.98,0.9,1.04
Connecticut,2020-04-15,0.92,0.85,0.99
Delaware,2020-03-11,2.0,0.34,6.43
Delaware,2020-03-12,1.74,0.4,4.13
Delaware,2020-03-13,1.61,0.41000000000000003,3.56
Delaware,2020-03-14,1.7,0.48,3.44
Delaware,2020-03-15,1.8900000000000001,0.63,3.45
Delaware,2020-03-16,1.95,0.75,3.31
Delaware,2020-03-17,2.0300000000000002,0.9,3.2
Delaware,2020-03-18,1.93,0.79,3.06
Delaware,2020-03-19,1.8900000000000001,0.85,2.88
Delaware,2020-03-20,1.95,1.04,2.85
Delaware,2020-03-21,1.93,1.1300000000000001,2.74
Delaware,2020-03-22,1.86,1.12,2.56
Delaware,2020-03-23,1.82,1.1500000000000001,2.45
Delaware,2020-03-24,1.7,1.09,2.2800000000000002
Delaware,2020-03-25,1.69,1.16,2.2600000000000002
Delaware,2020-03-26,1.6400000000000001,1.1400000000000001,2.15
Delaware,2020-03-27,1.55,1.07,2.0100000000000002
Delaware,2020-03-28,1.52,1.07,1.95
Delaware,2020-03-29,1.51,1.1,1.93
Delaware,2020-03-30,1.44,1.06,1.85
Delaware,2020-03-31,1.42,1.06,1.81
Delaware,2020-04-01,1.46,1.11,1.81
Delaware,2020-04-02,1.54,1.21,1.87
Delaware,2020-04-03,1.62,1.32,1.93
Delaware,2020-04-04,1.6600000000000001,1.3800000000000001,1.94
Delaware,2020-04-05,1.69,1.45,1.97
Delaware,2020-04-06,1.68,1.43,1.9000000000000001
Delaware,2020-04-07,1.61,1.4000000000000001,1.84
Delaware,2020-04-08,1.5,1.29,1.7
Delaware,2020-04-09,1.41,1.21,1.6
Delaware,2020-04-10,1.31,1.1300000000000001,1.51
Delaware,2020-04-11,1.23,1.05,1.42
Delaware,2020-04-12,1.1300000000000001,0.9500000000000001,1.31
Delaware,2020-04-13,1.08,0.9,1.26
Delaware,2020-04-14,1.03,0.85,1.21
Delaware,2020-04-15,0.99,0.81,1.17
District of Columbia,2020-03-07,2.0,0.34,6.43
District of Columbia,2020-03-08,2.17,0.51,4.99
District of Columbia,2020-03-09,2.17,0.61,4.33
District of Columbia,2020-03-10,1.8900000000000001,0.54,3.62
District of Columbia,2020-03-11,1.73,0.51,3.24
District of Columbia,2020-03-12,1.76,0.56,3.12
District of Columbia,2020-03-13,1.6500000000000001,0.56,2.9
District of Columbia,2020-03-14,1.68,0.29,2.92
District of Columbia,2020-03-15,1.58,0.31,2.77
District of Columbia,2020-03-16,1.96,0.78,3.0700000000000003
District of Columbia,2020-03-17,2.11,1.09,3.09
District of Columbia,2020-03-18,2.17,1.29,3.02
District of Columbia,2020-03-19,2.09,1.33,2.84
District of Columbia,2020-03-20,2.0,1.33,2.66
District of Columbia,2020-03-21,1.8900000000000001,1.3,2.49
District of Columbia,2020-03-22,1.8800000000000001,1.35,2.42
District of Columbia,2020-03-23,1.77,1.28,2.25
District of Columbia,2020-03-24,1.72,1.29,2.18
District of Columbia,2020-03-25,1.62,1.21,2.0300000000000002
District of Columbia,2020-03-26,1.46,1.08,1.86
District of Columbia,2020-03-27,1.47,1.11,1.84
District of Columbia,2020-03-28,1.3900000000000001,1.05,1.75
District of Columbia,2020-03-29,1.3900000000000001,1.06,1.72
District of Columbia,2020-03-30,1.4000000000000001,1.08,1.71
District of Columbia,2020-03-31,1.4000000000000001,1.1,1.7
District of Columbia,2020-04-01,1.44,1.16,1.73
District of Columbia,2020-04-02,1.52,1.25,1.78
District of Columbia,2020-04-03,1.46,1.21,1.71
District of Columbia,2020-04-04,1.49,1.25,1.72
District of Columbia,2020-04-05,1.47,1.25,1.7
District of Columbia,2020-04-06,1.42,1.21,1.6400000000000001
District of Columbia,2020-04-07,1.37,1.18,1.59
District of Columbia,2020-04-08,1.3,1.1,1.49
District of Columbia,2020-04-09,1.22,1.03,1.41
District of Columbia,2020-04-10,1.1400000000000001,0.9500000000000001,1.32
District of Columbia,2020-04-11,1.04,0.86,1.23
District of Columbia,2020-04-12,0.9500000000000001,0.77,1.1500000000000001
District of Columbia,2020-04-13,0.92,0.73,1.11
District of Columbia,2020-04-14,0.88,0.6900000000000001,1.07
District of Columbia,2020-04-15,0.89,0.7000000000000001,1.09
Florida,2020-03-01,2.0,0.34,6.43
Florida,2020-03-02,1.8800000000000001,0.38,5.01
Florida,2020-03-03,1.8,0.38,4.45
Florida,2020-03-04,2.05,0.5,4.54
Florida,2020-03-05,2.17,0.61,4.33
Florida,2020-03-06,2.16,0.68,4.01
Florida,2020-03-07,2.2800000000000002,0.8200000000000001,3.85
Florida,2020-03-08,2.15,0.51,3.62
Florida,2020-03-09,2.27,0.86,3.59
Florida,2020-03-10,2.5,1.34,3.62
Florida,2020-03-11,2.27,1.29,3.23
Florida,2020-03-12,2.2800000000000002,1.45,3.1
Florida,2020-03-13,2.21,1.49,2.91
Florida,2020-03-14,2.22,1.62,2.84
Florida,2020-03-15,2.37,1.86,2.89
Florida,2020-03-16,2.39,1.95,2.81
Florida,2020-03-17,2.34,1.98,2.71
Florida,2020-03-18,2.31,2.0100000000000002,2.63
Florida,2020-03-19,2.22,1.94,2.47
Florida,2020-03-20,2.12,1.8900000000000001,2.36
Florida,2020-03-21,1.99,1.79,2.2
Florida,2020-03-22,1.93,1.75,2.12
Florida,2020-03-23,1.8900000000000001,1.73,2.06
Florida,2020-03-24,1.8900000000000001,1.74,2.0300000000000002
Florida,2020-03-25,1.9000000000000001,1.76,2.02
Florida,2020-03-26,1.8900000000000001,1.78,2.02
Florida,2020-03-27,1.84,1.73,1.94
Florida,2020-03-28,1.78,1.68,1.87
Florida,2020-03-29,1.68,1.6,1.78
Florida,2020-03-30,1.61,1.52,1.69
Florida,2020-03-31,1.53,1.45,1.61
Florida,2020-04-01,1.45,1.3800000000000001,1.53
Florida,2020-04-02,1.36,1.29,1.43
Florida,2020-04-03,1.29,1.23,1.37
Florida,2020-04-04,1.22,1.1500000000000001,1.28
Florida,2020-04-05,1.16,1.09,1.22
Florida,2020-04-06,1.1,1.03,1.16
Florida,2020-04-07,1.05,0.99,1.12
Florida,2020-04-08,1.0,0.9400000000000001,1.07
Florida,2020-04-09,0.98,0.91,1.04
Florida,2020-04-10,0.9500000000000001,0.88,1.01
Florida,2020-04-11,0.93,0.86,0.99
Florida,2020-04-12,0.92,0.85,0.98
Florida,2020-04-13,0.91,0.84,0.97
Florida,2020-04-14,0.89,0.8200000000000001,0.9500000000000001
Florida,2020-04-15,0.88,0.81,0.9500000000000001
Georgia,2020-03-04,2.0,0.34,6.43
Georgia,2020-03-05,2.35,0.48,5.72
Georgia,2020-03-06,2.87,0.85,5.46
Georgia,2020-03-07,2.77,1.0,4.69
Georgia,2020-03-08,2.71,1.21,4.25
Georgia,2020-03-09,2.3000000000000003,1.06,3.56
Georgia,2020-03-10,2.07,1.01,3.18
Georgia,2020-03-11,2.06,1.0,3.11
Georgia,2020-03-12,2.17,1.25,3.0700000000000003
Georgia,2020-03-13,2.15,1.37,2.95
Georgia,2020-03-14,2.11,1.42,2.79
Georgia,2020-03-15,2.06,1.46,2.66
Georgia,2020-03-16,2.13,1.6,2.64
Georgia,2020-03-17,2.38,1.95,2.83
Georgia,2020-03-18,2.35,1.97,2.71
Georgia,2020-03-19,2.19,1.8800000000000001,2.52
Georgia,2020-03-20,2.07,1.79,2.35
Georgia,2020-03-21,1.99,1.76,2.2600000000000002
Georgia,2020-03-22,1.94,1.73,2.17
Georgia,2020-03-23,1.9000000000000001,1.71,2.11
Georgia,2020-03-24,1.87,1.7,2.06
Georgia,2020-03-25,1.81,1.6500000000000001,1.97
Georgia,2020-03-26,1.71,1.56,1.85
Georgia,2020-03-27,1.59,1.46,1.73
Georgia,2020-03-28,1.58,1.45,1.71
Georgia,2020-03-29,1.57,1.45,1.69
Georgia,2020-03-30,1.58,1.47,1.69
Georgia,2020-03-31,1.53,1.43,1.6400000000000001
Georgia,2020-04-01,1.46,1.36,1.56
Georgia,2020-04-02,1.35,1.26,1.45
Georgia,2020-04-03,1.28,1.19,1.37
Georgia,2020-04-04,1.24,1.1500000000000001,1.33
Georgia,2020-04-05,1.26,1.18,1.35
Georgia,2020-04-06,1.27,1.19,1.36
Georgia,2020-04-07,1.28,1.2,1.36
Georgia,2020-04-08,1.25,1.17,1.33
Georgia,2020-04-09,1.17,1.09,1.24
Georgia,2020-04-10,1.09,1.02,1.17
Georgia,2020-04-11,0.99,0.91,1.06
Georgia,2020-04-12,0.89,0.81,0.96
Georgia,2020-04-13,0.8200000000000001,0.75,0.91
Georgia,2020-04-14,0.76,0.67,0.8300000000000001
Georgia,2020-04-15,0.78,0.7000000000000001,0.87
Hawaii,2020-03-12,2.0,0.34,6.43
Hawaii,2020-03-13,2.35,0.48,5.72
Hawaii,2020-03-14,2.43,0.64,4.98
Hawaii,2020-03-15,2.64,0.87,4.67
Hawaii,2020-03-16,2.54,0.99,4.17
Hawaii,2020-03-17,2.37,1.05,3.74
Hawaii,2020-03-18,2.31,1.16,3.48
Hawaii,2020-03-19,2.23,1.1400000000000001,3.31
Hawaii,2020-03-20,2.17,1.22,3.09
Hawaii,2020-03-21,1.99,1.1500000000000001,2.8000000000000003
Hawaii,2020-03-22,1.79,1.05,2.5500000000000003
Hawaii,2020-03-23,1.6,0.91,2.3000000000000003
Hawaii,2020-03-24,1.47,0.8200000000000001,2.13
Hawaii,2020-03-25,1.3900000000000001,0.78,2.0300000000000002
Hawaii,2020-03-26,1.3800000000000001,0.79,1.98
Hawaii,2020-03-27,1.37,0.79,1.92
Hawaii,2020-03-28,1.3900000000000001,0.86,1.94
Hawaii,2020-03-29,1.44,0.93,1.95
Hawaii,2020-03-30,1.46,0.99,1.96
Hawaii,2020-03-31,1.45,1.0,1.9100000000000001
Hawaii,2020-04-01,1.3900000000000001,0.97,1.84
Hawaii,2020-04-02,1.33,0.9,1.73
Hawaii,2020-04-03,1.23,0.8300000000000001,1.6400000000000001
Hawaii,2020-04-04,1.12,0.73,1.53
Hawaii,2020-04-05,1.01,0.62,1.42
Hawaii,2020-04-06,0.92,0.53,1.34
Hawaii,2020-04-07,0.84,0.43,1.25
Hawaii,2020-04-08,0.8,0.38,1.22
Hawaii,2020-04-09,0.75,0.33,1.2
Hawaii,2020-04-10,0.72,0.29,1.19
Hawaii,2020-04-11,0.6900000000000001,0.24,1.17
Hawaii,2020-04-12,0.66,0.2,1.16
Hawaii,2020-04-13,0.67,0.17,1.16
Hawaii,2020-04-14,0.65,0.14,1.16
Hawaii,2020-04-15,0.64,0.11,1.16
Idaho,2020-03-13,2.0,0.34,6.43
Idaho,2020-03-14,1.69,0.37,3.85
Idaho,2020-03-15,1.55,0.38,3.29
Idaho,2020-03-16,1.61,0.46,3.17
Idaho,2020-03-17,1.8900000000000001,0.67,3.29
Idaho,2020-03-18,1.99,0.86,3.22
Idaho,2020-03-19,1.98,0.97,3.04
Idaho,2020-03-20,1.86,0.85,2.85
Idaho,2020-03-21,1.81,0.91,2.72
Idaho,2020-03-22,1.98,1.17,2.77
Idaho,2020-03-23,2.23,1.54,2.91
Idaho,2020-03-24,2.2800000000000002,1.71,2.88
Idaho,2020-03-25,2.21,1.72,2.73
Idaho,2020-03-26,2.05,1.61,2.49
Idaho,2020-03-27,1.95,1.56,2.34
Idaho,2020-03-28,1.9000000000000001,1.55,2.25
Idaho,2020-03-29,1.87,1.56,2.19
Idaho,2020-03-30,1.8800000000000001,1.6,2.16
Idaho,2020-03-31,1.85,1.6,2.11
Idaho,2020-04-01,1.74,1.51,1.97
Idaho,2020-04-02,1.58,1.37,1.8
Idaho,2020-04-03,1.3900000000000001,1.19,1.6
Idaho,2020-04-04,1.19,0.99,1.3900000000000001
Idaho,2020-04-05,0.99,0.79,1.19
Idaho,2020-04-06,0.79,0.58,0.99
Idaho,2020-04-07,0.62,0.4,0.8300000000000001
Idaho,2020-04-08,0.48,0.25,0.71
Idaho,2020-04-09,0.4,0.16,0.66
Idaho,2020-04-10,0.37,0.11,0.64
Idaho,2020-04-11,0.42,0.14,0.71
Idaho,2020-04-12,0.54,0.24,0.85
Idaho,2020-04-13,0.58,0.26,0.9
Idaho,2020-04-14,0.58,0.25,0.93
Idaho,2020-04-15,0.58,0.23,0.9400000000000001
Illinois,2020-02-28,2.0,0.34,6.43
Illinois,2020-02-29,1.8800000000000001,0.38,5.01
Illinois,2020-03-01,1.8,0.38,4.45
Illinois,2020-03-02,1.74,0.4,4.13
Illinois,2020-03-03,1.69,0.37,3.85
Illinois,2020-03-04,1.6400000000000001,0.4,3.7
Illinois,2020-03-05,1.61,0.41000000000000003,3.56
Illinois,2020-03-06,1.53,0.0,3.66
Illinois,2020-03-07,1.8900000000000001,0.01,3.7800000000000002
Illinois,2020-03-08,2.35,0.33,4.17
Illinois,2020-03-09,2.62,0.84,4.24
Illinois,2020-03-10,2.68,1.25,4.04
Illinois,2020-03-11,2.62,1.47,3.75
Illinois,2020-03-12,2.5100000000000002,1.54,3.42
Illinois,2020-03-13,2.3000000000000003,1.5,3.1
Illinois,2020-03-14,2.2600000000000002,1.59,2.96
Illinois,2020-03-15,2.45,1.8800000000000001,3.02
Illinois,2020-03-16,2.56,2.1,3.04
Illinois,2020-03-17,2.59,2.21,2.98
Illinois,2020-03-18,2.49,2.18,2.82
Illinois,2020-03-19,2.41,2.15,2.69
Illinois,2020-03-20,2.2600000000000002,2.04,2.5
Illinois,2020-03-21,2.09,1.9000000000000001,2.3000000000000003
Illinois,2020-03-22,1.94,1.76,2.12
Illinois,2020-03-23,1.8800000000000001,1.72,2.04
Illinois,2020-03-24,1.81,1.6600000000000001,1.95
Illinois,2020-03-25,1.75,1.6300000000000001,1.9000000000000001
Illinois,2020-03-26,1.75,1.6300000000000001,1.87
Illinois,2020-03-27,1.69,1.58,1.8
Illinois,2020-03-28,1.6500000000000001,1.56,1.77
Illinois,2020-03-29,1.61,1.52,1.71
Illinois,2020-03-30,1.52,1.43,1.61
Illinois,2020-03-31,1.47,1.3900000000000001,1.56
Illinois,2020-04-01,1.45,1.37,1.53
Illinois,2020-04-02,1.3800000000000001,1.3,1.45
Illinois,2020-04-03,1.35,1.28,1.43
Illinois,2020-04-04,1.3,1.23,1.37
Illinois,2020-04-05,1.26,1.19,1.33
Illinois,2020-04-06,1.25,1.18,1.31
Illinois,2020-04-07,1.23,1.17,1.3
Illinois,2020-04-08,1.2,1.1300000000000001,1.26
Illinois,2020-04-09,1.2,1.1300000000000001,1.25
Illinois,2020-04-10,1.16,1.1,1.22
Illinois,2020-04-11,1.1300000000000001,1.07,1.19
Illinois,2020-04-12,1.1,1.04,1.16
Illinois,2020-04-13,1.06,1.0,1.12
Illinois,2020-04-14,1.03,0.97,1.09
Illinois,2020-04-15,1.0,0.9400000000000001,1.06
Indiana,2020-03-06,2.0,0.34,6.43
Indiana,2020-03-07,2.35,0.48,5.72
Indiana,2020-03-08,2.43,0.64,4.98
Indiana,2020-03-09,2.35,0.72,4.39
Indiana,2020-03-10,2.0300000000000002,0.63,3.71
Indiana,2020-03-11,1.85,0.58,3.3200000000000003
Indiana,2020-03-12,1.86,0.68,3.25
Indiana,2020-03-13,1.6400000000000001,0.21,2.97
Indiana,2020-03-14,1.55,0.23,2.83
Indiana,2020-03-15,1.6,0.3,2.79
Indiana,2020-03-16,1.8,0.6,2.95
Indiana,2020-03-17,2.11,1.05,3.12
Indiana,2020-03-18,2.39,1.51,3.25
Indiana,2020-03-19,2.62,1.9100000000000001,3.33
Indiana,2020-03-20,2.65,2.09,3.25
Indiana,2020-03-21,2.59,2.13,3.08
Indiana,2020-03-22,2.46,2.07,2.86
Indiana,2020-03-23,2.34,2.0100000000000002,2.68
Indiana,2020-03-24,2.33,2.06,2.63
Indiana,2020-03-25,2.25,2.02,2.5100000000000002
Indiana,2020-03-26,2.15,1.94,2.36
Indiana,2020-03-27,2.02,1.83,2.2
Indiana,2020-03-28,1.8800000000000001,1.71,2.04
Indiana,2020-03-29,1.76,1.61,1.9100000000000001
Indiana,2020-03-30,1.67,1.54,1.82
Indiana,2020-03-31,1.57,1.44,1.7
Indiana,2020-04-01,1.5,1.3800000000000001,1.6300000000000001
Indiana,2020-04-02,1.43,1.31,1.54
Indiana,2020-04-03,1.37,1.26,1.48
Indiana,2020-04-04,1.33,1.22,1.43
Indiana,2020-04-05,1.28,1.18,1.3900000000000001
Indiana,2020-04-06,1.22,1.12,1.32
Indiana,2020-04-07,1.18,1.08,1.28
Indiana,2020-04-08,1.12,1.02,1.21
Indiana,2020-04-09,1.08,0.99,1.18
Indiana,2020-04-10,1.03,0.9400000000000001,1.1300000000000001
Indiana,2020-04-11,0.98,0.88,1.07
Indiana,2020-04-12,0.9400000000000001,0.84,1.03
Indiana,2020-04-13,0.9,0.81,1.01
Indiana,2020-04-14,0.86,0.76,0.96
Indiana,2020-04-15,0.84,0.74,0.9400000000000001
Iowa,2020-03-08,2.0,0.34,6.43
Iowa,2020-03-09,1.37,0.33,3.0100000000000002
Iowa,2020-03-10,1.18,0.31,2.5
Iowa,2020-03-11,1.0,0.27,2.15
Iowa,2020-03-12,1.0,0.27,2.07
Iowa,2020-03-13,0.9400000000000001,0.26,1.95
Iowa,2020-03-14,0.9400000000000001,0.27,1.92
Iowa,2020-03-15,0.7000000000000001,0.0,1.75
Iowa,2020-03-16,1.0,0.0,2.0100000000000002
Iowa,2020-03-17,1.3,0.18,2.4
Iowa,2020-03-18,1.7,0.54,2.74
Iowa,2020-03-19,1.92,0.9,2.88
Iowa,2020-03-20,2.1,1.23,2.96
Iowa,2020-03-21,2.05,1.3,2.82
Iowa,2020-03-22,1.92,1.24,2.59
Iowa,2020-03-23,1.85,1.25,2.47
Iowa,2020-03-24,1.85,1.3,2.39
Iowa,2020-03-25,1.85,1.35,2.33
Iowa,2020-03-26,1.81,1.3800000000000001,2.27
Iowa,2020-03-27,1.81,1.41,2.21
Iowa,2020-03-28,1.79,1.43,2.16
Iowa,2020-03-29,1.71,1.3800000000000001,2.05
Iowa,2020-03-30,1.61,1.31,1.93
Iowa,2020-03-31,1.5,1.22,1.8
Iowa,2020-04-01,1.41,1.1400000000000001,1.69
Iowa,2020-04-02,1.35,1.1,1.6300000000000001
Iowa,2020-04-03,1.27,1.02,1.53
Iowa,2020-04-04,1.21,0.97,1.47
Iowa,2020-04-05,1.2,0.97,1.46
Iowa,2020-04-06,1.2,0.97,1.44
Iowa,2020-04-07,1.22,0.99,1.45
Iowa,2020-04-08,1.24,1.02,1.47
Iowa,2020-04-09,1.23,1.0,1.43
Iowa,2020-04-10,1.22,1.0,1.42
Iowa,2020-04-11,1.21,1.0,1.41
Iowa,2020-04-12,1.18,0.98,1.3800000000000001
Iowa,2020-04-13,1.17,0.98,1.3800000000000001
Iowa,2020-04-14,1.1500000000000001,0.96,1.35
Iowa,2020-04-15,1.12,0.93,1.31
Kansas,2020-03-09,2.0,0.34,6.43
Kansas,2020-03-10,1.8800000000000001,0.38,5.01
Kansas,2020-03-11,2.17,0.51,4.99
Kansas,2020-03-12,2.2800000000000002,0.61,4.59
Kansas,2020-03-13,2.0,0.56,3.9
Kansas,2020-03-14,2.0300000000000002,0.63,3.71
Kansas,2020-03-15,2.0,0.7000000000000001,3.5100000000000002
Kansas,2020-03-16,2.25,0.68,3.72
Kansas,2020-03-17,2.41,1.08,3.67
Kansas,2020-03-18,2.2,1.07,3.3000000000000003
Kansas,2020-03-19,2.11,1.1300000000000001,3.0700000000000003
Kansas,2020-03-20,2.0100000000000002,1.1500000000000001,2.86
Kansas,2020-03-21,1.85,1.08,2.62
Kansas,2020-03-22,1.82,1.1400000000000001,2.5300000000000002
Kansas,2020-03-23,1.79,1.16,2.42
Kansas,2020-03-24,1.8,1.24,2.38
Kansas,2020-03-25,1.8800000000000001,1.37,2.39
Kansas,2020-03-26,1.9000000000000001,1.44,2.35
Kansas,2020-03-27,1.83,1.42,2.24
Kansas,2020-03-28,1.77,1.4000000000000001,2.15
Kansas,2020-03-29,1.6500000000000001,1.31,2.0
Kansas,2020-03-30,1.55,1.22,1.86
Kansas,2020-03-31,1.45,1.1500000000000001,1.76
Kansas,2020-04-01,1.36,1.07,1.6500000000000001
Kansas,2020-04-02,1.27,0.99,1.55
Kansas,2020-04-03,1.25,0.99,1.54
Kansas,2020-04-04,1.2,0.93,1.46
Kansas,2020-04-05,1.22,0.97,1.49
Kansas,2020-04-06,1.22,0.97,1.47
Kansas,2020-04-07,1.21,0.97,1.46
Kansas,2020-04-08,1.2,0.97,1.45
Kansas,2020-04-09,1.16,0.93,1.4000000000000001
Kansas,2020-04-10,1.08,0.85,1.32
Kansas,2020-04-11,1.02,0.79,1.25
Kansas,2020-04-12,0.91,0.68,1.1500000000000001
Kansas,2020-04-13,0.86,0.63,1.11
Kansas,2020-04-14,0.8200000000000001,0.58,1.07
Kansas,2020-04-15,0.76,0.51,1.01
Kentucky,2020-03-06,2.0,0.34,6.43
Kentucky,2020-03-07,2.17,0.51,4.99
Kentucky,2020-03-08,1.8900000000000001,0.47000000000000003,3.98
Kentucky,2020-03-09,1.73,0.46,3.52
Kentucky,2020-03-10,1.6400000000000001,0.45,3.23
Kentucky,2020-03-11,1.7,0.54,3.21
Kentucky,2020-03-12,1.73,0.5700000000000001,3.08
Kentucky,2020-03-13,1.6400000000000001,0.21,2.97
Kentucky,2020-03-14,1.42,0.13,2.66
Kentucky,2020-03-15,1.5,0.21,2.7
Kentucky,2020-03-16,1.6500000000000001,0.39,2.8000000000000003
Kentucky,2020-03-17,1.8900000000000001,0.76,2.98
Kentucky,2020-03-18,1.99,0.99,2.96
Kentucky,2020-03-19,2.09,1.22,2.94
Kentucky,2020-03-20,2.08,1.32,2.82
Kentucky,2020-03-21,2.02,1.35,2.67
Kentucky,2020-03-22,1.97,1.3800000000000001,2.5500000000000003
Kentucky,2020-03-23,1.94,1.42,2.46
Kentucky,2020-03-24,1.8800000000000001,1.4000000000000001,2.33
Kentucky,2020-03-25,1.8800000000000001,1.47,2.31
Kentucky,2020-03-26,1.8,1.43,2.19
Kentucky,2020-03-27,1.7,1.37,2.07
Kentucky,2020-03-28,1.6400000000000001,1.32,1.96
Kentucky,2020-03-29,1.57,1.27,1.87
Kentucky,2020-03-30,1.49,1.21,1.77
Kentucky,2020-03-31,1.3900000000000001,1.1300000000000001,1.67
Kentucky,2020-04-01,1.31,1.06,1.58
Kentucky,2020-04-02,1.27,1.03,1.53
Kentucky,2020-04-03,1.22,0.99,1.48
Kentucky,2020-04-04,1.24,1.01,1.48
Kentucky,2020-04-05,1.26,1.04,1.5
Kentucky,2020-04-06,1.29,1.07,1.51
Kentucky,2020-04-07,1.35,1.1400000000000001,1.56
Kentucky,2020-04-08,1.34,1.1300000000000001,1.53
Kentucky,2020-04-09,1.31,1.12,1.51
Kentucky,2020-04-10,1.29,1.11,1.49
Kentucky,2020-04-11,1.19,1.01,1.3800000000000001
Kentucky,2020-04-12,1.11,0.93,1.29
Kentucky,2020-04-13,1.03,0.86,1.22
Kentucky,2020-04-14,0.9400000000000001,0.76,1.12
Kentucky,2020-04-15,0.9,0.72,1.09
Louisiana,2020-03-09,2.0,0.34,6.43
Louisiana,2020-03-10,2.23,0.75,3.92
Louisiana,2020-03-11,2.5300000000000002,1.31,3.73
Louisiana,2020-03-12,2.4,1.47,3.3200000000000003
Louisiana,2020-03-13,2.35,1.61,3.09
Louisiana,2020-03-14,2.34,1.74,2.95
Louisiana,2020-03-15,2.2800000000000002,1.79,2.8000000000000003
Louisiana,2020-03-16,2.27,1.84,2.69
Louisiana,2020-03-17,2.23,1.87,2.6
Louisiana,2020-03-18,2.24,1.93,2.56
Louisiana,2020-03-19,2.11,1.85,2.4
Louisiana,2020-03-20,2.07,1.84,2.32
Louisiana,2020-03-21,1.96,1.74,2.16
Louisiana,2020-03-22,1.9000000000000001,1.72,2.1
Louisiana,2020-03-23,1.8800000000000001,1.71,2.05
Louisiana,2020-03-24,1.84,1.69,2.0
Louisiana,2020-03-25,1.79,1.6500000000000001,1.93
Louisiana,2020-03-26,1.7,1.58,1.84
Louisiana,2020-03-27,1.57,1.46,1.7
Louisiana,2020-03-28,1.56,1.44,1.6600000000000001
Louisiana,2020-03-29,1.57,1.47,1.68
Louisiana,2020-03-30,1.73,1.6400000000000001,1.83
Louisiana,2020-03-31,1.81,1.73,1.9000000000000001
Louisiana,2020-04-01,1.86,1.79,1.95
Louisiana,2020-04-02,1.79,1.71,1.85
Louisiana,2020-04-03,1.69,1.62,1.75
Louisiana,2020-04-04,1.53,1.47,1.59
Louisiana,2020-04-05,1.3900000000000001,1.33,1.45
Louisiana,2020-04-06,1.2,1.1400000000000001,1.25
Louisiana,2020-04-07,1.07,1.01,1.12
Louisiana,2020-04-08,0.9,0.84,0.9500000000000001
Louisiana,2020-04-09,0.79,0.74,0.86
Louisiana,2020-04-10,0.68,0.62,0.74
Louisiana,2020-04-11,0.61,0.55,0.68
Louisiana,2020-04-12,0.5700000000000001,0.5,0.63
Louisiana,2020-04-13,0.54,0.47000000000000003,0.61
Louisiana,2020-04-14,0.49,0.42,0.5700000000000001
Louisiana,2020-04-15,0.49,0.41000000000000003,0.5700000000000001
Maine,2020-03-12,2.0,0.34,6.43
Maine,2020-03-13,1.8900000000000001,0.47000000000000003,3.98
Maine,2020-03-14,2.35,0.85,3.98
Maine,2020-03-15,2.23,1.0,3.54
Maine,2020-03-16,2.1,1.06,3.18
Maine,2020-03-17,1.99,1.09,2.91
Maine,2020-03-18,1.81,1.03,2.63
Maine,2020-03-19,1.6600000000000001,0.89,2.43
Maine,2020-03-20,1.6300000000000001,0.92,2.34
Maine,2020-03-21,1.49,0.8300000000000001,2.17
Maine,2020-03-22,1.46,0.8300000000000001,2.09
Maine,2020-03-23,1.41,0.8200000000000001,2.02
Maine,2020-03-24,1.33,0.76,1.9100000000000001
Maine,2020-03-25,1.37,0.8200000000000001,1.92
Maine,2020-03-26,1.42,0.9,1.94
Maine,2020-03-27,1.45,0.97,1.96
Maine,2020-03-28,1.47,1.01,1.94
Maine,2020-03-29,1.45,1.01,1.8900000000000001
Maine,2020-03-30,1.4000000000000001,0.99,1.83
Maine,2020-03-31,1.41,1.02,1.82
Maine,2020-04-01,1.34,0.96,1.72
Maine,2020-04-02,1.25,0.89,1.6300000000000001
Maine,2020-04-03,1.17,0.81,1.53
Maine,2020-04-04,1.05,0.7000000000000001,1.42
Maine,2020-04-05,0.92,0.5700000000000001,1.3
Maine,2020-04-06,0.85,0.48,1.22
Maine,2020-04-07,0.76,0.38,1.1400000000000001
Maine,2020-04-08,0.75,0.37,1.16
Maine,2020-04-09,0.75,0.36,1.17
Maine,2020-04-10,0.8300000000000001,0.42,1.25
Maine,2020-04-11,0.98,0.5700000000000001,1.4000000000000001
Maine,2020-04-12,1.17,0.77,1.58
Maine,2020-04-13,1.29,0.89,1.67
Maine,2020-04-14,1.35,0.98,1.73
Maine,2020-04-15,1.31,0.9500000000000001,1.67
Maryland,2020-03-05,2.0,0.34,6.43
Maryland,2020-03-06,1.8800000000000001,0.38,5.01
Maryland,2020-03-07,2.17,0.51,4.99
Maryland,2020-03-08,2.2800000000000002,0.61,4.59
Maryland,2020-03-09,2.0,0.56,3.9
Maryland,2020-03-10,2.0300000000000002,0.63,3.71
Maryland,2020-03-11,2.16,0.8200000000000001,3.69
Maryland,2020-03-12,2.2,0.66,3.64
Maryland,2020-03-13,2.15,0.79,3.4
Maryland,2020-03-14,2.07,0.91,3.21
Maryland,2020-03-15,2.17,1.17,3.16
Maryland,2020-03-16,2.24,1.3900000000000001,3.09
Maryland,2020-03-17,2.3000000000000003,1.56,3.0
Maryland,2020-03-18,2.23,1.62,2.86
Maryland,2020-03-19,2.17,1.6400000000000001,2.71
Maryland,2020-03-20,2.06,1.6,2.54
Maryland,2020-03-21,1.94,1.52,2.35
Maryland,2020-03-22,1.82,1.44,2.19
Maryland,2020-03-23,1.81,1.48,2.16
Maryland,2020-03-24,1.85,1.55,2.16
Maryland,2020-03-25,1.98,1.71,2.25
Maryland,2020-03-26,2.0,1.77,2.25
Maryland,2020-03-27,1.94,1.74,2.17
Maryland,2020-03-28,1.85,1.6500000000000001,2.0300000000000002
Maryland,2020-03-29,1.75,1.58,1.93
Maryland,2020-03-30,1.6500000000000001,1.49,1.81
Maryland,2020-03-31,1.59,1.45,1.75
Maryland,2020-04-01,1.52,1.3800000000000001,1.6600000000000001
Maryland,2020-04-02,1.48,1.35,1.62
Maryland,2020-04-03,1.45,1.32,1.57
Maryland,2020-04-04,1.3900000000000001,1.28,1.52
Maryland,2020-04-05,1.43,1.32,1.55
Maryland,2020-04-06,1.45,1.35,1.57
Maryland,2020-04-07,1.48,1.37,1.57
Maryland,2020-04-08,1.48,1.3800000000000001,1.57
Maryland,2020-04-09,1.42,1.33,1.51
Maryland,2020-04-10,1.35,1.26,1.43
Maryland,2020-04-11,1.29,1.2,1.37
Maryland,2020-04-12,1.16,1.08,1.24
Maryland,2020-04-13,1.09,1.0,1.16
Maryland,2020-04-14,1.0,0.91,1.07
Maryland,2020-04-15,0.91,0.8300000000000001,1.0
Massachusetts,2020-03-02,2.0,0.34,6.43
Massachusetts,2020-03-03,1.8800000000000001,0.38,5.01
Massachusetts,2020-03-04,2.65,0.68,5.5600000000000005
Massachusetts,2020-03-05,3.14,1.1500000000000001,5.3100000000000005
Massachusetts,2020-03-06,3.2800000000000002,1.62,4.84
Massachusetts,2020-03-07,3.42,2.19,4.57
Massachusetts,2020-03-08,2.99,2.07,3.89
Massachusetts,2020-03-09,2.6,1.85,3.36
Massachusetts,2020-03-10,2.22,1.59,2.89
Massachusetts,2020-03-11,1.87,1.29,2.45
Massachusetts,2020-03-12,1.62,1.1,2.18
Massachusetts,2020-03-13,1.47,0.96,1.97
Massachusetts,2020-03-14,1.29,0.81,1.79
Massachusetts,2020-03-15,1.27,0.81,1.76
Massachusetts,2020-03-16,1.33,0.89,1.8
Massachusetts,2020-03-17,1.49,1.05,1.9000000000000001
Massachusetts,2020-03-18,1.72,1.33,2.11
Massachusetts,2020-03-19,1.9000000000000001,1.56,2.2600000000000002
Massachusetts,2020-03-20,1.96,1.6500000000000001,2.27
Massachusetts,2020-03-21,2.12,1.85,2.39
Massachusetts,2020-03-22,2.33,2.11,2.57
Massachusetts,2020-03-23,2.42,2.22,2.6
Massachusetts,2020-03-24,2.44,2.2800000000000002,2.6
Massachusetts,2020-03-25,2.38,2.24,2.5100000000000002
Massachusetts,2020-03-26,2.21,2.09,2.32
Massachusetts,2020-03-27,2.0300000000000002,1.93,2.14
Massachusetts,2020-03-28,1.84,1.75,1.94
Massachusetts,2020-03-29,1.67,1.58,1.75
Massachusetts,2020-03-30,1.55,1.47,1.6300000000000001
Massachusetts,2020-03-31,1.45,1.3800000000000001,1.53
Massachusetts,2020-04-01,1.3800000000000001,1.31,1.46
Massachusetts,2020-04-02,1.32,1.25,1.3900000000000001
Massachusetts,2020-04-03,1.27,1.2,1.34
Massachusetts,2020-04-04,1.23,1.17,1.3
Massachusetts,2020-04-05,1.21,1.1500000000000001,1.28
Massachusetts,2020-04-06,1.22,1.16,1.29
Massachusetts,2020-04-07,1.23,1.17,1.29
Massachusetts,2020-04-08,1.25,1.19,1.31
Massachusetts,2020-04-09,1.29,1.24,1.36
Massachusetts,2020-04-10,1.29,1.24,1.35
Massachusetts,2020-04-11,1.27,1.21,1.32
Massachusetts,2020-04-12,1.22,1.17,1.27
Massachusetts,2020-04-13,1.1500000000000001,1.1,1.2
Massachusetts,2020-04-14,1.07,1.02,1.12
Massachusetts,2020-04-15,1.0,0.9400000000000001,1.04
Michigan,2020-03-10,2.0,0.34,6.43
Michigan,2020-03-11,1.77,0.55,3.36
Michigan,2020-03-12,1.87,0.76,3.06
Michigan,2020-03-13,1.72,0.8,2.7
Michigan,2020-03-14,1.58,0.78,2.42
Michigan,2020-03-15,1.54,0.8300000000000001,2.3000000000000003
Michigan,2020-03-16,2.4,1.79,3.04
Michigan,2020-03-17,2.98,2.5100000000000002,3.47
Michigan,2020-03-18,3.15,2.79,3.52
Michigan,2020-03-19,2.94,2.66,3.24
Michigan,2020-03-20,2.65,2.42,2.89
Michigan,2020-03-21,2.42,2.22,2.61
Michigan,2020-03-22,2.24,2.08,2.42
Michigan,2020-03-23,2.06,1.92,2.22
Michigan,2020-03-24,1.95,1.82,2.08
Michigan,2020-03-25,1.8800000000000001,1.77,2.0100000000000002
Michigan,2020-03-26,1.8,1.69,1.9000000000000001
Michigan,2020-03-27,1.75,1.6500000000000001,1.85
Michigan,2020-03-28,1.68,1.59,1.77
Michigan,2020-03-29,1.6500000000000001,1.56,1.73
Michigan,2020-03-30,1.61,1.54,1.7
Michigan,2020-03-31,1.58,1.51,1.6500000000000001
Michigan,2020-04-01,1.53,1.47,1.61
Michigan,2020-04-02,1.47,1.41,1.54
Michigan,2020-04-03,1.4000000000000001,1.34,1.46
Michigan,2020-04-04,1.33,1.27,1.3900000000000001
Michigan,2020-04-05,1.24,1.18,1.29
Michigan,2020-04-06,1.16,1.1,1.21
Michigan,2020-04-07,1.07,1.02,1.1300000000000001
Michigan,2020-04-08,0.99,0.9400000000000001,1.05
Michigan,2020-04-09,0.91,0.85,0.96
Michigan,2020-04-10,0.84,0.78,0.89
Michigan,2020-04-11,0.8,0.74,0.86
Michigan,2020-04-12,0.78,0.72,0.84
Michigan,2020-04-13,0.79,0.73,0.85
Michigan,2020-04-14,0.81,0.75,0.88
Michigan,2020-04-15,0.85,0.78,0.91
Minnesota,2020-03-06,2.0,0.34,6.43
Minnesota,2020-03-07,1.8800000000000001,0.38,5.01
Minnesota,2020-03-08,1.8,0.38,4.45
Minnesota,2020-03-09,2.05,0.5,4.54
Minnesota,2020-03-10,2.17,0.61,4.33
Minnesota,2020-03-11,2.4,0.77,4.2
Minnesota,2020-03-12,2.71,1.21,4.25
Minnesota,2020-03-13,2.86,1.48,4.15
Minnesota,2020-03-14,2.58,1.48,3.67
Minnesota,2020-03-15,2.41,1.48,3.31
Minnesota,2020-03-16,2.08,1.28,2.88
Minnesota,2020-03-17,1.95,1.24,2.66
Minnesota,2020-03-18,1.79,1.16,2.45
Minnesota,2020-03-19,1.71,1.12,2.3000000000000003
Minnesota,2020-03-20,1.71,1.18,2.2600000000000002
Minnesota,2020-03-21,1.73,1.24,2.22
Minnesota,2020-03-22,1.6600000000000001,1.22,2.13
Minnesota,2020-03-23,1.6400000000000001,1.24,2.08
Minnesota,2020-03-24,1.56,1.18,1.96
Minnesota,2020-03-25,1.51,1.1500000000000001,1.8800000000000001
Minnesota,2020-03-26,1.45,1.11,1.8
Minnesota,2020-03-27,1.3900000000000001,1.06,1.72
Minnesota,2020-03-28,1.34,1.03,1.6600000000000001
Minnesota,2020-03-29,1.31,1.02,1.6300000000000001
Minnesota,2020-03-30,1.25,0.96,1.55
Minnesota,2020-03-31,1.21,0.91,1.48
Minnesota,2020-04-01,1.18,0.9,1.46
Minnesota,2020-04-02,1.1400000000000001,0.86,1.41
Minnesota,2020-04-03,1.1,0.84,1.3900000000000001
Minnesota,2020-04-04,1.08,0.8200000000000001,1.36
Minnesota,2020-04-05,1.08,0.81,1.34
Minnesota,2020-04-06,1.11,0.86,1.3900000000000001
Minnesota,2020-04-07,1.17,0.92,1.44
Minnesota,2020-04-08,1.2,0.9400000000000001,1.44
Minnesota,2020-04-09,1.28,1.04,1.53
Minnesota,2020-04-10,1.3,1.07,1.54
Minnesota,2020-04-11,1.26,1.03,1.48
Minnesota,2020-04-12,1.21,0.99,1.43
Minnesota,2020-04-13,1.1400000000000001,0.93,1.37
Minnesota,2020-04-14,1.06,0.84,1.27
Minnesota,2020-04-15,1.01,0.8,1.23
Mississippi,2020-03-11,2.0,0.34,6.43
Mississippi,2020-03-12,2.05,0.5,4.54
Mississippi,2020-03-13,1.78,0.48,3.67
Mississippi,2020-03-14,1.98,0.61,3.59
Mississippi,2020-03-15,2.02,0.77,3.44
Mississippi,2020-03-16,2.29,1.12,3.5100000000000002
Mississippi,2020-03-17,2.43,1.42,3.43
Mississippi,2020-03-18,2.71,1.87,3.54
Mississippi,2020-03-19,2.75,2.08,3.42
Mississippi,2020-03-20,2.62,2.09,3.19
Mississippi,2020-03-21,2.4,1.95,2.87
Mississippi,2020-03-22,2.18,1.78,2.57
Mississippi,2020-03-23,2.0100000000000002,1.6600000000000001,2.36
Mississippi,2020-03-24,1.85,1.55,2.18
Mississippi,2020-03-25,1.71,1.44,2.02
Mississippi,2020-03-26,1.58,1.32,1.86
Mississippi,2020-03-27,1.48,1.24,1.75
Mississippi,2020-03-28,1.37,1.1300000000000001,1.61
Mississippi,2020-03-29,1.31,1.07,1.53
Mississippi,2020-03-30,1.25,1.03,1.48
Mississippi,2020-03-31,1.25,1.04,1.48
Mississippi,2020-04-01,1.24,1.02,1.44
Mississippi,2020-04-02,1.25,1.05,1.46
Mississippi,2020-04-03,1.24,1.04,1.44
Mississippi,2020-04-04,1.25,1.06,1.45
Mississippi,2020-04-05,1.21,1.03,1.41
Mississippi,2020-04-06,1.22,1.04,1.41
Mississippi,2020-04-07,1.2,1.03,1.3900000000000001
Mississippi,2020-04-08,1.22,1.05,1.4000000000000001
Mississippi,2020-04-09,1.19,1.02,1.36
Mississippi,2020-04-10,1.18,1.01,1.34
Mississippi,2020-04-11,1.1300000000000001,0.97,1.3
Mississippi,2020-04-12,1.1400000000000001,0.98,1.3
Mississippi,2020-04-13,1.1,0.9400000000000001,1.26
Mississippi,2020-04-14,1.09,0.9400000000000001,1.26
Mississippi,2020-04-15,1.08,0.93,1.24
Missouri,2020-03-10,2.0,0.34,6.43
Missouri,2020-03-11,1.8800000000000001,0.38,5.01
Missouri,2020-03-12,1.8,0.38,4.45
Missouri,2020-03-13,2.05,0.5,4.54
Missouri,2020-03-14,2.48,0.74,4.64
Missouri,2020-03-15,2.3000000000000003,0.76,4.05
Missouri,2020-03-16,2.47,1.04,3.98
Missouri,2020-03-17,3.08,1.76,4.36
Missouri,2020-03-18,3.0,1.98,4.0
Missouri,2020-03-19,2.86,2.05,3.65
Missouri,2020-03-20,2.64,1.97,3.27
Missouri,2020-03-21,2.45,1.92,3.0100000000000002
Missouri,2020-03-22,2.43,1.98,2.89
Missouri,2020-03-23,2.36,1.99,2.7600000000000002
Missouri,2020-03-24,2.27,1.96,2.62
Missouri,2020-03-25,2.18,1.9100000000000001,2.48
Missouri,2020-03-26,1.98,1.73,2.23
Missouri,2020-03-27,1.81,1.58,2.0300000000000002
Missouri,2020-03-28,1.71,1.51,1.93
Missouri,2020-03-29,1.61,1.42,1.81
Missouri,2020-03-30,1.55,1.37,1.73
Missouri,2020-03-31,1.51,1.34,1.68
Missouri,2020-04-01,1.43,1.27,1.59
Missouri,2020-04-02,1.35,1.2,1.51
Missouri,2020-04-03,1.29,1.1500000000000001,1.45
Missouri,2020-04-04,1.22,1.08,1.37
Missouri,2020-04-05,1.2,1.06,1.34
Missouri,2020-04-06,1.16,1.03,1.31
Missouri,2020-04-07,1.12,0.99,1.26
Missouri,2020-04-08,1.09,0.96,1.23
Missouri,2020-04-09,1.06,0.93,1.2
Missouri,2020-04-10,1.01,0.88,1.1500000000000001
Missouri,2020-04-11,1.0,0.87,1.1400000000000001
Missouri,2020-04-12,0.96,0.8300000000000001,1.1
Missouri,2020-04-13,0.9400000000000001,0.81,1.08
Missouri,2020-04-14,0.92,0.79,1.06
Missouri,2020-04-15,0.92,0.79,1.07
Montana,2020-03-13,2.0,0.34,6.43
Montana,2020-03-14,1.49,0.3,3.72
Montana,2020-03-15,1.6400000000000001,0.4,3.7
Montana,2020-03-16,1.73,0.46,3.52
Montana,2020-03-17,1.77,0.55,3.36
Montana,2020-03-18,1.8900000000000001,0.67,3.29
Montana,2020-03-19,1.92,0.77,3.14
Montana,2020-03-20,1.87,0.61,3.04
Montana,2020-03-21,1.95,0.8300000000000001,3.0100000000000002
Montana,2020-03-22,1.83,0.84,2.81
Montana,2020-03-23,1.84,0.9400000000000001,2.71
Montana,2020-03-24,1.98,1.2,2.77
Montana,2020-03-25,1.95,1.24,2.63
Montana,2020-03-26,1.8900000000000001,1.28,2.5300000000000002
Montana,2020-03-27,1.77,1.2,2.33
Montana,2020-03-28,1.6300000000000001,1.12,2.17
Montana,2020-03-29,1.48,1.0,1.99
Montana,2020-03-30,1.33,0.87,1.82
Montana,2020-03-31,1.18,0.71,1.6300000000000001
Montana,2020-04-01,1.1,0.63,1.54
Montana,2020-04-02,1.01,0.56,1.47
Montana,2020-04-03,0.96,0.51,1.43
Montana,2020-04-04,0.9,0.45,1.3800000000000001
Montana,2020-04-05,0.87,0.4,1.34
Montana,2020-04-06,0.85,0.38,1.34
Montana,2020-04-07,0.8300000000000001,0.35000000000000003,1.33
Montana,2020-04-08,0.79,0.3,1.3
Montana,2020-04-09,0.75,0.25,1.28
Montana,2020-04-10,0.71,0.19,1.24
Montana,2020-04-11,0.71,0.17,1.25
Montana,2020-04-12,0.6900000000000001,0.15,1.26
Montana,2020-04-13,0.6900000000000001,0.13,1.27
Montana,2020-04-14,0.63,0.07,1.21
Montana,2020-04-15,0.6,0.02,1.16
Nebraska,2020-03-05,2.0,0.34,6.43
Nebraska,2020-03-06,1.8800000000000001,0.38,5.01
Nebraska,2020-03-07,1.8,0.38,4.45
Nebraska,2020-03-08,2.05,0.5,4.54
Nebraska,2020-03-09,2.17,0.61,4.33
Nebraska,2020-03-10,2.16,0.68,4.01
Nebraska,2020-03-11,2.1,0.72,3.69
Nebraska,2020-03-12,1.85,0.23,3.34
Nebraska,2020-03-13,1.7,0.21,3.0700000000000003
Nebraska,2020-03-14,1.59,0.19,2.86
Nebraska,2020-03-15,1.3900000000000001,0.15,2.62
Nebraska,2020-03-16,1.36,0.15,2.5300000000000002
Nebraska,2020-03-17,1.43,0.24,2.59
Nebraska,2020-03-18,1.48,0.3,2.57
Nebraska,2020-03-19,1.43,0.34,2.5100000000000002
Nebraska,2020-03-20,1.53,0.46,2.5300000000000002
Nebraska,2020-03-21,1.47,0.48,2.44
Nebraska,2020-03-22,1.42,0.47000000000000003,2.33
Nebraska,2020-03-23,1.3800000000000001,0.48,2.2600000000000002
Nebraska,2020-03-24,1.3,0.43,2.14
Nebraska,2020-03-25,1.28,0.46,2.12
Nebraska,2020-03-26,1.43,0.63,2.21
Nebraska,2020-03-27,1.6300000000000001,0.89,2.35
Nebraska,2020-03-28,1.75,1.08,2.41
Nebraska,2020-03-29,1.92,1.33,2.52
Nebraska,2020-03-30,1.87,1.35,2.42
Nebraska,2020-03-31,1.79,1.32,2.29
Nebraska,2020-04-01,1.69,1.26,2.15
Nebraska,2020-04-02,1.56,1.16,1.99
Nebraska,2020-04-03,1.45,1.06,1.84
Nebraska,2020-04-04,1.43,1.06,1.8
Nebraska,2020-04-05,1.35,1.0,1.71
Nebraska,2020-04-06,1.33,1.0,1.68
Nebraska,2020-04-07,1.35,1.02,1.67
Nebraska,2020-04-08,1.32,1.02,1.6500000000000001
Nebraska,2020-04-09,1.34,1.04,1.6400000000000001
Nebraska,2020-04-10,1.32,1.04,1.62
Nebraska,2020-04-11,1.27,1.0,1.56
Nebraska,2020-04-12,1.24,0.97,1.51
Nebraska,2020-04-13,1.18,0.92,1.45
Nebraska,2020-04-14,1.11,0.84,1.36
Nebraska,2020-04-15,1.09,0.84,1.36
Nevada,2020-03-05,2.0,0.34,6.43
Nevada,2020-03-06,1.8800000000000001,0.38,5.01
Nevada,2020-03-07,1.8,0.38,4.45
Nevada,2020-03-08,1.74,0.4,4.13
Nevada,2020-03-09,1.96,0.5,4.24
Nevada,2020-03-10,2.35,0.72,4.39
Nevada,2020-03-11,2.43,0.87,4.11
Nevada,2020-03-12,2.27,0.58,3.84
Nevada,2020-03-13,2.5,1.04,3.8200000000000003
Nevada,2020-03-14,2.36,1.16,3.5100000000000002
Nevada,2020-03-15,2.41,1.41,3.38
Nevada,2020-03-16,2.27,1.43,3.11
Nevada,2020-03-17,2.34,1.6300000000000001,3.0500000000000003
Nevada,2020-03-18,2.15,1.54,2.77
Nevada,2020-03-19,2.0100000000000002,1.48,2.57
Nevada,2020-03-20,1.8800000000000001,1.3900000000000001,2.36
Nevada,2020-03-21,1.8,1.36,2.24
Nevada,2020-03-22,1.77,1.37,2.17
Nevada,2020-03-23,1.84,1.49,2.21
Nevada,2020-03-24,1.78,1.45,2.1
Nevada,2020-03-25,1.8,1.5,2.09
Nevada,2020-03-26,1.8,1.54,2.08
Nevada,2020-03-27,1.73,1.48,1.97
Nevada,2020-03-28,1.6300000000000001,1.41,1.86
Nevada,2020-03-29,1.53,1.32,1.74
Nevada,2020-03-30,1.42,1.22,1.62
Nevada,2020-03-31,1.32,1.1400000000000001,1.53
Nevada,2020-04-01,1.26,1.08,1.46
Nevada,2020-04-02,1.18,1.0,1.37
Nevada,2020-04-03,1.1300000000000001,0.9500000000000001,1.31
Nevada,2020-04-04,1.09,0.92,1.28
Nevada,2020-04-05,1.06,0.88,1.23
Nevada,2020-04-06,1.04,0.86,1.21
Nevada,2020-04-07,1.06,0.88,1.23
Nevada,2020-04-08,1.03,0.86,1.21
Nevada,2020-04-09,1.03,0.86,1.21
Nevada,2020-04-10,1.02,0.86,1.21
Nevada,2020-04-11,1.01,0.84,1.19
Nevada,2020-04-12,0.97,0.8,1.1500000000000001
Nevada,2020-04-13,0.9500000000000001,0.78,1.1300000000000001
Nevada,2020-04-14,0.9,0.73,1.09
Nevada,2020-04-15,0.86,0.68,1.04
New Hampshire,2020-03-02,2.0,0.34,6.43
New Hampshire,2020-03-03,1.8800000000000001,0.38,5.01
New Hampshire,2020-03-04,1.8,0.38,4.45
New Hampshire,2020-03-05,1.74,0.4,4.13
New Hampshire,2020-03-06,1.69,0.37,3.85
New Hampshire,2020-03-07,1.6400000000000001,0.4,3.7
New Hampshire,2020-03-08,1.61,0.41000000000000003,3.56
New Hampshire,2020-03-09,1.0,0.0,3.35
New Hampshire,2020-03-10,1.0,0.0,3.35
New Hampshire,2020-03-11,1.0,0.0,3.35
New Hampshire,2020-03-12,1.53,0.0,3.66
New Hampshire,2020-03-13,1.8900000000000001,0.01,3.7800000000000002
New Hampshire,2020-03-14,2.35,0.33,4.17
New Hampshire,2020-03-15,2.81,1.06,4.41
New Hampshire,2020-03-16,2.62,1.22,3.97
New Hampshire,2020-03-17,2.41,1.24,3.54
New Hampshire,2020-03-18,2.23,1.23,3.2
New Hampshire,2020-03-19,1.94,1.06,2.81
New Hampshire,2020-03-20,1.8800000000000001,1.1,2.67
New Hampshire,2020-03-21,1.72,1.0,2.43
New Hampshire,2020-03-22,1.61,0.96,2.29
New Hampshire,2020-03-23,1.58,0.9500000000000001,2.18
New Hampshire,2020-03-24,1.55,0.97,2.12
New Hampshire,2020-03-25,1.52,0.98,2.06
New Hampshire,2020-03-26,1.56,1.07,2.08
New Hampshire,2020-03-27,1.58,1.12,2.06
New Hampshire,2020-03-28,1.6400000000000001,1.22,2.09
New Hampshire,2020-03-29,1.62,1.23,2.0300000000000002
New Hampshire,2020-03-30,1.6,1.23,1.97
New Hampshire,2020-03-31,1.56,1.21,1.9000000000000001
New Hampshire,2020-04-01,1.53,1.22,1.87
New Hampshire,2020-04-02,1.46,1.16,1.77
New Hampshire,2020-04-03,1.37,1.09,1.68
New Hampshire,2020-04-04,1.25,0.97,1.54
New Hampshire,2020-04-05,1.1400000000000001,0.87,1.43
New Hampshire,2020-04-06,1.01,0.74,1.3
New Hampshire,2020-04-07,0.92,0.65,1.21
New Hampshire,2020-04-08,0.84,0.55,1.12
New Hampshire,2020-04-09,0.8300000000000001,0.55,1.1400000000000001
New Hampshire,2020-04-10,0.84,0.55,1.1500000000000001
New Hampshire,2020-04-11,0.89,0.6,1.21
New Hampshire,2020-04-12,0.96,0.66,1.27
New Hampshire,2020-04-13,1.05,0.76,1.37
New Hampshire,2020-04-14,1.09,0.8,1.4000000000000001
New Hampshire,2020-04-15,1.1400000000000001,0.85,1.44
New Jersey,2020-03-04,2.0,0.34,6.43
New Jersey,2020-03-05,1.8,0.38,4.45
New Jersey,2020-03-06,1.96,0.5,4.24
New Jersey,2020-03-07,2.0,0.56,3.9
New Jersey,2020-03-08,2.16,0.75,3.8200000000000003
New Jersey,2020-03-09,2.16,0.84,3.54
New Jersey,2020-03-10,2.29,1.12,3.5100000000000002
New Jersey,2020-03-11,2.5100000000000002,1.43,3.58
New Jersey,2020-03-12,2.47,1.55,3.33
New Jersey,2020-03-13,2.62,1.9000000000000001,3.36
New Jersey,2020-03-14,2.7,2.12,3.3000000000000003
New Jersey,2020-03-15,2.7800000000000002,2.3000000000000003,3.24
New Jersey,2020-03-16,2.91,2.5300000000000002,3.27
New Jersey,2020-03-17,2.71,2.41,3.0100000000000002
New Jersey,2020-03-18,2.61,2.37,2.86
New Jersey,2020-03-19,2.52,2.33,2.74
New Jersey,2020-03-20,2.48,2.31,2.65
New Jersey,2020-03-21,2.39,2.25,2.54
New Jersey,2020-03-22,2.23,2.11,2.36
New Jersey,2020-03-23,2.22,2.11,2.32
New Jersey,2020-03-24,2.18,2.08,2.2600000000000002
New Jersey,2020-03-25,2.12,2.04,2.2
New Jersey,2020-03-26,2.0300000000000002,1.96,2.1
New Jersey,2020-03-27,1.93,1.87,2.0
New Jersey,2020-03-28,1.8,1.75,1.87
New Jersey,2020-03-29,1.71,1.6600000000000001,1.77
New Jersey,2020-03-30,1.59,1.54,1.6400000000000001
New Jersey,2020-03-31,1.52,1.47,1.56
New Jersey,2020-04-01,1.46,1.41,1.5
New Jersey,2020-04-02,1.4000000000000001,1.36,1.44
New Jersey,2020-04-03,1.33,1.29,1.37
New Jersey,2020-04-04,1.28,1.24,1.32
New Jersey,2020-04-05,1.2,1.16,1.24
New Jersey,2020-04-06,1.1500000000000001,1.11,1.18
New Jersey,2020-04-07,1.08,1.04,1.11
New Jersey,2020-04-08,1.02,0.98,1.05
New Jersey,2020-04-09,0.99,0.9500000000000001,1.02
New Jersey,2020-04-10,0.96,0.92,0.99
New Jersey,2020-04-11,0.9500000000000001,0.92,1.0
New Jersey,2020-04-12,0.96,0.92,0.99
New Jersey,2020-04-13,0.96,0.93,1.01
New Jersey,2020-04-14,0.97,0.93,1.01
New Jersey,2020-04-15,0.96,0.92,1.0
New Mexico,2020-03-11,2.0,0.34,6.43
New Mexico,2020-03-12,1.61,0.41000000000000003,3.56
New Mexico,2020-03-13,1.61,0.46,3.17
New Mexico,2020-03-14,1.48,0.47000000000000003,2.82
New Mexico,2020-03-15,1.4000000000000001,0.45,2.57
New Mexico,2020-03-16,1.42,0.51,2.5100000000000002
New Mexico,2020-03-17,1.43,0.56,2.44
New Mexico,2020-03-18,1.45,0.41000000000000003,2.47
New Mexico,2020-03-19,1.53,0.53,2.48
New Mexico,2020-03-20,1.6300000000000001,0.73,2.5500000000000003
New Mexico,2020-03-21,1.77,0.9400000000000001,2.59
New Mexico,2020-03-22,1.76,1.0,2.5
New Mexico,2020-03-23,1.73,1.04,2.41
New Mexico,2020-03-24,1.79,1.17,2.41
New Mexico,2020-03-25,1.75,1.18,2.31
New Mexico,2020-03-26,1.73,1.21,2.24
New Mexico,2020-03-27,1.68,1.21,2.16
New Mexico,2020-03-28,1.58,1.1300000000000001,2.0100000000000002
New Mexico,2020-03-29,1.54,1.1400000000000001,1.97
New Mexico,2020-03-30,1.47,1.09,1.87
New Mexico,2020-03-31,1.44,1.08,1.82
New Mexico,2020-04-01,1.44,1.11,1.81
New Mexico,2020-04-02,1.45,1.1300000000000001,1.79
New Mexico,2020-04-03,1.42,1.12,1.75
New Mexico,2020-04-04,1.44,1.1500000000000001,1.74
New Mexico,2020-04-05,1.42,1.1400000000000001,1.7
New Mexico,2020-04-06,1.44,1.17,1.7
New Mexico,2020-04-07,1.4000000000000001,1.16,1.67
New Mexico,2020-04-08,1.36,1.12,1.6
New Mexico,2020-04-09,1.3,1.07,1.54
New Mexico,2020-04-10,1.24,1.02,1.47
New Mexico,2020-04-11,1.1400000000000001,0.93,1.3800000000000001
New Mexico,2020-04-12,1.08,0.87,1.31
New Mexico,2020-04-13,1.0,0.79,1.23
New Mexico,2020-04-14,0.9500000000000001,0.72,1.16
New Mexico,2020-04-15,0.9,0.68,1.1300000000000001
New York,2020-03-01,2.0,0.34,6.43
New York,2020-03-02,2.64,0.79,4.99
New York,2020-03-03,3.1,1.45,4.68
New York,2020-03-04,3.19,2.02,4.36
New York,2020-03-05,2.81,1.93,3.71
New York,2020-03-06,2.61,1.9000000000000001,3.3200000000000003
New York,2020-03-07,2.35,1.77,2.95
New York,2020-03-08,2.13,1.6300000000000001,2.66
New York,2020-03-09,2.07,1.62,2.52
New York,2020-03-10,2.0,1.61,2.41
New York,2020-03-11,2.05,1.71,2.41
New York,2020-03-12,2.06,1.75,2.36
New York,2020-03-13,2.04,1.78,2.32
New York,2020-03-14,2.1,1.87,2.34
New York,2020-03-15,2.35,2.16,2.56
New York,2020-03-16,2.68,2.52,2.84
New York,2020-03-17,2.97,2.84,3.09
New York,2020-03-18,2.97,2.87,3.0700000000000003
New York,2020-03-19,2.88,2.8000000000000003,2.96
New York,2020-03-20,2.71,2.64,2.77
New York,2020-03-21,2.47,2.41,2.52
New York,2020-03-22,2.27,2.22,2.31
New York,2020-03-23,2.06,2.02,2.1
New York,2020-03-24,1.86,1.82,1.8900000000000001
New York,2020-03-25,1.71,1.67,1.74
New York,2020-03-26,1.56,1.52,1.58
New York,2020-03-27,1.43,1.4000000000000001,1.46
New York,2020-03-28,1.35,1.32,1.3800000000000001
New York,2020-03-29,1.27,1.24,1.3
New York,2020-03-30,1.23,1.2,1.25
New York,2020-03-31,1.22,1.19,1.25
New York,2020-04-01,1.21,1.18,1.23
New York,2020-04-02,1.21,1.18,1.23
New York,2020-04-03,1.2,1.17,1.22
New York,2020-04-04,1.16,1.1400000000000001,1.19
New York,2020-04-05,1.1300000000000001,1.11,1.16
New York,2020-04-06,1.1,1.07,1.12
New York,2020-04-07,1.07,1.04,1.09
New York,2020-04-08,1.05,1.02,1.07
New York,2020-04-09,1.03,1.01,1.06
New York,2020-04-10,1.01,0.98,1.03
New York,2020-04-11,0.98,0.9500000000000001,1.0
New York,2020-04-12,0.96,0.9400000000000001,0.99
New York,2020-04-13,0.9500000000000001,0.92,0.97
New York,2020-04-14,0.9500000000000001,0.92,0.97
New York,2020-04-15,0.9500000000000001,0.92,0.97
North Carolina,2020-03-06,2.0,0.34,6.43
North Carolina,2020-03-07,2.35,0.48,5.72
North Carolina,2020-03-08,2.05,0.5,4.54
North Carolina,2020-03-09,2.48,0.74,4.64
North Carolina,2020-03-10,2.3000000000000003,0.76,4.05
North Carolina,2020-03-11,2.16,0.8200000000000001,3.69
North Carolina,2020-03-12,2.16,0.92,3.49
North Carolina,2020-03-13,2.0100000000000002,0.68,3.2800000000000002
North Carolina,2020-03-14,1.8900000000000001,0.68,3.0100000000000002
North Carolina,2020-03-15,1.95,0.9,2.99
North Carolina,2020-03-16,2.04,1.11,2.94
North Carolina,2020-03-17,2.2800000000000002,1.5,3.06
North Carolina,2020-03-18,2.35,1.7,3.02
North Carolina,2020-03-19,2.4,1.86,2.97
North Carolina,2020-03-20,2.27,1.79,2.73
North Carolina,2020-03-21,2.16,1.76,2.58
North Carolina,2020-03-22,2.12,1.76,2.47
North Carolina,2020-03-23,1.99,1.68,2.31
North Carolina,2020-03-24,1.9000000000000001,1.62,2.18
North Carolina,2020-03-25,1.83,1.59,2.1
North Carolina,2020-03-26,1.74,1.51,1.97
North Carolina,2020-03-27,1.68,1.47,1.9000000000000001
North Carolina,2020-03-28,1.61,1.41,1.8
North Carolina,2020-03-29,1.47,1.29,1.6600000000000001
North Carolina,2020-03-30,1.41,1.23,1.58
North Carolina,2020-03-31,1.33,1.17,1.51
North Carolina,2020-04-01,1.29,1.1400000000000001,1.47
North Carolina,2020-04-02,1.27,1.11,1.43
North Carolina,2020-04-03,1.27,1.12,1.43
North Carolina,2020-04-04,1.26,1.12,1.42
North Carolina,2020-04-05,1.28,1.1400000000000001,1.43
North Carolina,2020-04-06,1.24,1.1,1.3800000000000001
North Carolina,2020-04-07,1.21,1.08,1.35
North Carolina,2020-04-08,1.18,1.05,1.32
North Carolina,2020-04-09,1.1400000000000001,1.01,1.27
North Carolina,2020-04-10,1.1,0.98,1.24
North Carolina,2020-04-11,1.05,0.93,1.19
North Carolina,2020-04-12,1.0,0.87,1.1300000000000001
North Carolina,2020-04-13,0.96,0.84,1.1
North Carolina,2020-04-14,0.91,0.78,1.04
North Carolina,2020-04-15,0.8300000000000001,0.7000000000000001,0.97
North Dakota,2020-03-14,2.0,0.34,6.43
North Dakota,2020-03-15,1.8800000000000001,0.38,5.01
North Dakota,2020-03-16,3.22,0.91,6.140000000000001
North Dakota,2020-03-17,3.23,1.27,5.23
North Dakota,2020-03-18,2.88,1.37,4.42
North Dakota,2020-03-19,2.37,1.17,3.64
North Dakota,2020-03-20,2.0300000000000002,0.99,3.11
North Dakota,2020-03-21,1.6500000000000001,0.55,2.69
North Dakota,2020-03-22,1.5,0.49,2.5
North Dakota,2020-03-23,1.32,0.37,2.2800000000000002
North Dakota,2020-03-24,1.3,0.35000000000000003,2.19
North Dakota,2020-03-25,1.43,0.53,2.3000000000000003
North Dakota,2020-03-26,1.53,0.6900000000000001,2.36
North Dakota,2020-03-27,1.62,0.8200000000000001,2.36
North Dakota,2020-03-28,1.67,0.96,2.38
North Dakota,2020-03-29,1.6300000000000001,0.96,2.27
North Dakota,2020-03-30,1.52,0.91,2.14
North Dakota,2020-03-31,1.42,0.84,2.0100000000000002
North Dakota,2020-04-01,1.26,0.6900000000000001,1.82
North Dakota,2020-04-02,1.2,0.64,1.74
North Dakota,2020-04-03,1.1300000000000001,0.6,1.69
North Dakota,2020-04-04,1.09,0.56,1.6300000000000001
North Dakota,2020-04-05,1.07,0.54,1.6
North Dakota,2020-04-06,1.07,0.54,1.59
North Dakota,2020-04-07,1.04,0.52,1.57
North Dakota,2020-04-08,1.02,0.51,1.56
North Dakota,2020-04-09,0.9500000000000001,0.42,1.47
North Dakota,2020-04-10,0.9500000000000001,0.42,1.48
North Dakota,2020-04-11,0.96,0.42,1.48
North Dakota,2020-04-12,1.0,0.46,1.52
North Dakota,2020-04-13,1.04,0.51,1.57
North Dakota,2020-04-14,1.09,0.5700000000000001,1.62
North Dakota,2020-04-15,1.12,0.6,1.6300000000000001
Ohio,2020-03-09,2.0,0.34,6.43
Ohio,2020-03-10,3.0100000000000002,0.7000000000000001,6.57
Ohio,2020-03-11,3.43,1.24,5.73
Ohio,2020-03-12,3.23,1.53,4.87
Ohio,2020-03-13,2.86,1.55,4.13
Ohio,2020-03-14,2.7,1.6600000000000001,3.74
Ohio,2020-03-15,2.48,1.61,3.3200000000000003
Ohio,2020-03-16,2.31,1.57,3.0700000000000003
Ohio,2020-03-17,2.2,1.57,2.86
Ohio,2020-03-18,2.21,1.67,2.7800000000000002
Ohio,2020-03-19,2.2600000000000002,1.8,2.75
Ohio,2020-03-20,2.24,1.84,2.65
Ohio,2020-03-21,2.18,1.84,2.54
Ohio,2020-03-22,2.09,1.79,2.4
Ohio,2020-03-23,2.0,1.73,2.27
Ohio,2020-03-24,1.95,1.71,2.19
Ohio,2020-03-25,1.8900000000000001,1.68,2.11
Ohio,2020-03-26,1.82,1.6300000000000001,2.02
Ohio,2020-03-27,1.75,1.57,1.92
Ohio,2020-03-28,1.6500000000000001,1.49,1.82
Ohio,2020-03-29,1.57,1.42,1.73
Ohio,2020-03-30,1.5,1.36,1.6500000000000001
Ohio,2020-03-31,1.44,1.3,1.57
Ohio,2020-04-01,1.4000000000000001,1.27,1.53
Ohio,2020-04-02,1.34,1.22,1.47
Ohio,2020-04-03,1.29,1.17,1.41
Ohio,2020-04-04,1.24,1.12,1.35
Ohio,2020-04-05,1.19,1.08,1.31
Ohio,2020-04-06,1.1400000000000001,1.03,1.25
Ohio,2020-04-07,1.1,0.99,1.21
Ohio,2020-04-08,1.05,0.9400000000000001,1.16
Ohio,2020-04-09,1.02,0.91,1.1300000000000001
Ohio,2020-04-10,0.99,0.88,1.1
Ohio,2020-04-11,0.98,0.87,1.09
Ohio,2020-04-12,0.99,0.88,1.1
Ohio,2020-04-13,1.01,0.9,1.12
Ohio,2020-04-14,1.03,0.93,1.1500000000000001
Ohio,2020-04-15,1.06,0.9500000000000001,1.17
Oklahoma,2020-03-10,2.0,0.34,6.43
Oklahoma,2020-03-11,1.8800000000000001,0.38,5.01
Oklahoma,2020-03-12,1.8,0.38,4.45
Oklahoma,2020-03-13,2.05,0.5,4.54
Oklahoma,2020-03-14,2.48,0.74,4.64
Oklahoma,2020-03-15,2.74,1.09,4.5200000000000005
Oklahoma,2020-03-16,2.77,1.34,4.16
Oklahoma,2020-03-17,2.67,1.3800000000000001,3.84
Oklahoma,2020-03-18,2.32,1.26,3.35
Oklahoma,2020-03-19,2.1,1.18,3.0
Oklahoma,2020-03-20,1.86,1.02,2.65
Oklahoma,2020-03-21,1.74,1.0,2.49
Oklahoma,2020-03-22,1.81,1.1400000000000001,2.49
Oklahoma,2020-03-23,2.05,1.46,2.64
Oklahoma,2020-03-24,2.21,1.72,2.74
Oklahoma,2020-03-25,2.22,1.78,2.65
Oklahoma,2020-03-26,2.09,1.71,2.47
Oklahoma,2020-03-27,1.9100000000000001,1.57,2.25
Oklahoma,2020-03-28,1.74,1.43,2.05
Oklahoma,2020-03-29,1.6400000000000001,1.35,1.92
Oklahoma,2020-03-30,1.57,1.31,1.85
Oklahoma,2020-03-31,1.53,1.28,1.78
Oklahoma,2020-04-01,1.52,1.29,1.76
Oklahoma,2020-04-02,1.48,1.26,1.7
Oklahoma,2020-04-03,1.42,1.21,1.6300000000000001
Oklahoma,2020-04-04,1.35,1.1500000000000001,1.55
Oklahoma,2020-04-05,1.24,1.05,1.44
Oklahoma,2020-04-06,1.1400000000000001,0.9500000000000001,1.33
Oklahoma,2020-04-07,1.06,0.87,1.25
Oklahoma,2020-04-08,0.9500000000000001,0.75,1.1300000000000001
Oklahoma,2020-04-09,0.89,0.7000000000000001,1.09
Oklahoma,2020-04-10,0.88,0.6900000000000001,1.09
Oklahoma,2020-04-11,0.87,0.67,1.07
Oklahoma,2020-04-12,0.93,0.73,1.1400000000000001
Oklahoma,2020-04-13,0.93,0.73,1.1400000000000001
Oklahoma,2020-04-14,0.9400000000000001,0.73,1.1400000000000001
Oklahoma,2020-04-15,0.9500000000000001,0.74,1.1500000000000001
Oregon,2020-03-04,2.0,0.34,6.43
Oregon,2020-03-05,2.35,0.48,5.72
Oregon,2020-03-06,2.43,0.64,4.98
Oregon,2020-03-07,2.64,0.87,4.67
Oregon,2020-03-08,2.35,0.85,3.98
Oregon,2020-03-09,2.16,0.84,3.54
Oregon,2020-03-10,2.02,0.84,3.23
Oregon,2020-03-11,1.8900000000000001,0.61,3.0700000000000003
Oregon,2020-03-12,1.6500000000000001,0.5,2.7600000000000002
Oregon,2020-03-13,1.56,0.48,2.59
Oregon,2020-03-14,1.49,0.48,2.47
Oregon,2020-03-15,1.55,0.58,2.45
Oregon,2020-03-16,1.58,0.71,2.46
Oregon,2020-03-17,1.72,0.92,2.52
Oregon,2020-03-18,1.78,1.06,2.5100000000000002
Oregon,2020-03-19,1.82,1.17,2.48
Oregon,2020-03-20,1.8,1.19,2.37
Oregon,2020-03-21,1.7,1.17,2.2600000000000002
Oregon,2020-03-22,1.68,1.19,2.19
Oregon,2020-03-23,1.6600000000000001,1.21,2.13
Oregon,2020-03-24,1.7,1.28,2.12
Oregon,2020-03-25,1.73,1.35,2.12
Oregon,2020-03-26,1.74,1.3900000000000001,2.09
Oregon,2020-03-27,1.67,1.36,2.0100000000000002
Oregon,2020-03-28,1.61,1.32,1.92
Oregon,2020-03-29,1.48,1.2,1.76
Oregon,2020-03-30,1.3900000000000001,1.1300000000000001,1.67
Oregon,2020-03-31,1.28,1.02,1.54
Oregon,2020-04-01,1.21,0.97,1.48
Oregon,2020-04-02,1.1400000000000001,0.9,1.4000000000000001
Oregon,2020-04-03,1.1,0.86,1.35
Oregon,2020-04-04,1.05,0.81,1.3
Oregon,2020-04-05,1.03,0.8,1.29
Oregon,2020-04-06,0.99,0.75,1.24
Oregon,2020-04-07,0.97,0.73,1.22
Oregon,2020-04-08,0.92,0.67,1.16
Oregon,2020-04-09,0.92,0.67,1.17
Oregon,2020-04-10,0.91,0.65,1.1500000000000001
Oregon,2020-04-11,0.93,0.68,1.19
Oregon,2020-04-12,0.92,0.66,1.17
Oregon,2020-04-13,0.91,0.66,1.18
Oregon,2020-04-14,0.91,0.66,1.19
Oregon,2020-04-15,0.86,0.59,1.12
Pennsylvania,2020-03-06,2.0,0.34,6.43
Pennsylvania,2020-03-07,1.6400000000000001,0.4,3.7
Pennsylvania,2020-03-08,1.5,0.39,3.13
Pennsylvania,2020-03-09,1.54,0.46,2.99
Pennsylvania,2020-03-10,1.78,0.66,3.09
Pennsylvania,2020-03-11,1.87,0.8200000000000001,3.02
Pennsylvania,2020-03-12,2.07,1.1,3.0500000000000003
Pennsylvania,2020-03-13,2.0,1.1,2.9
Pennsylvania,2020-03-14,2.0100000000000002,1.19,2.77
Pennsylvania,2020-03-15,2.0300000000000002,1.32,2.71
Pennsylvania,2020-03-16,2.04,1.42,2.64
Pennsylvania,2020-03-17,2.09,1.56,2.63
Pennsylvania,2020-03-18,2.22,1.78,2.7
Pennsylvania,2020-03-19,2.24,1.86,2.65
Pennsylvania,2020-03-20,2.23,1.8900000000000001,2.56
Pennsylvania,2020-03-21,2.2,1.9100000000000001,2.49
Pennsylvania,2020-03-22,2.16,1.9100000000000001,2.41
Pennsylvania,2020-03-23,2.21,2.0,2.43
Pennsylvania,2020-03-24,2.22,2.04,2.41
Pennsylvania,2020-03-25,2.18,2.02,2.34
Pennsylvania,2020-03-26,2.1,1.96,2.24
Pennsylvania,2020-03-27,1.99,1.87,2.12
Pennsylvania,2020-03-28,1.8800000000000001,1.77,1.99
Pennsylvania,2020-03-29,1.77,1.6600000000000001,1.86
Pennsylvania,2020-03-30,1.67,1.58,1.77
Pennsylvania,2020-03-31,1.62,1.53,1.7
Pennsylvania,2020-04-01,1.59,1.51,1.67
Pennsylvania,2020-04-02,1.57,1.49,1.6400000000000001
Pennsylvania,2020-04-03,1.54,1.47,1.61
Pennsylvania,2020-04-04,1.5,1.43,1.56
Pennsylvania,2020-04-05,1.45,1.3900000000000001,1.52
Pennsylvania,2020-04-06,1.4000000000000001,1.34,1.46
Pennsylvania,2020-04-07,1.34,1.29,1.41
Pennsylvania,2020-04-08,1.28,1.22,1.33
Pennsylvania,2020-04-09,1.2,1.1500000000000001,1.26
Pennsylvania,2020-04-10,1.12,1.07,1.18
Pennsylvania,2020-04-11,1.05,0.99,1.1
Pennsylvania,2020-04-12,0.97,0.92,1.03
Pennsylvania,2020-04-13,0.92,0.86,0.97
Pennsylvania,2020-04-14,0.87,0.81,0.92
Pennsylvania,2020-04-15,0.8300000000000001,0.77,0.88
Rhode Island,2020-03-07,2.0,0.34,6.43
Rhode Island,2020-03-08,1.8800000000000001,0.38,5.01
Rhode Island,2020-03-09,1.8,0.38,4.45
Rhode Island,2020-03-10,2.43,0.64,4.98
Rhode Island,2020-03-11,2.64,0.87,4.67
Rhode Island,2020-03-12,2.35,0.85,3.98
Rhode Island,2020-03-13,2.16,0.84,3.54
Rhode Island,2020-03-14,1.76,0.32,3.08
Rhode Island,2020-03-15,1.6400000000000001,0.32,2.88
Rhode Island,2020-03-16,1.75,0.49,2.9
Rhode Island,2020-03-17,1.46,0.33,2.56
Rhode Island,2020-03-18,1.6400000000000001,0.55,2.67
Rhode Island,2020-03-19,1.8,0.8300000000000001,2.77
Rhode Island,2020-03-20,1.92,1.04,2.77
Rhode Island,2020-03-21,2.02,1.24,2.7600000000000002
Rhode Island,2020-03-22,1.9000000000000001,1.22,2.58
Rhode Island,2020-03-23,1.78,1.1500000000000001,2.38
Rhode Island,2020-03-24,1.78,1.22,2.34
Rhode Island,2020-03-25,1.6500000000000001,1.1300000000000001,2.16
Rhode Island,2020-03-26,1.6500000000000001,1.17,2.12
Rhode Island,2020-03-27,1.76,1.33,2.2
Rhode Island,2020-03-28,1.83,1.44,2.22
Rhode Island,2020-03-29,1.87,1.52,2.22
Rhode Island,2020-03-30,1.83,1.51,2.14
Rhode Island,2020-03-31,1.72,1.43,2.0100000000000002
Rhode Island,2020-04-01,1.61,1.35,1.8900000000000001
Rhode Island,2020-04-02,1.5,1.26,1.77
Rhode Island,2020-04-03,1.41,1.17,1.6500000000000001
Rhode Island,2020-04-04,1.37,1.1500000000000001,1.61
Rhode Island,2020-04-05,1.3900000000000001,1.18,1.62
Rhode Island,2020-04-06,1.45,1.24,1.6500000000000001
Rhode Island,2020-04-07,1.55,1.36,1.75
Rhode Island,2020-04-08,1.6300000000000001,1.45,1.81
Rhode Island,2020-04-09,1.6600000000000001,1.5,1.83
Rhode Island,2020-04-10,1.6300000000000001,1.49,1.8
Rhode Island,2020-04-11,1.56,1.43,1.72
Rhode Island,2020-04-12,1.41,1.28,1.55
Rhode Island,2020-04-13,1.26,1.1300000000000001,1.3900000000000001
Rhode Island,2020-04-14,1.1,0.98,1.24
Rhode Island,2020-04-15,0.9400000000000001,0.81,1.07
South Carolina,2020-03-06,2.0,0.34,6.43
South Carolina,2020-03-07,1.74,0.4,4.13
South Carolina,2020-03-08,1.61,0.41000000000000003,3.56
South Carolina,2020-03-09,1.7,0.48,3.44
South Carolina,2020-03-10,1.45,0.38,2.92
South Carolina,2020-03-11,1.53,0.47000000000000003,2.95
South Carolina,2020-03-12,1.57,0.52,2.89
South Carolina,2020-03-13,1.59,0.19,2.86
South Carolina,2020-03-14,1.97,0.65,3.21
South Carolina,2020-03-15,2.12,0.97,3.22
South Carolina,2020-03-16,2.13,1.1500000000000001,3.11
South Carolina,2020-03-17,2.35,1.51,3.16
South Carolina,2020-03-18,2.36,1.6600000000000001,3.0500000000000003
South Carolina,2020-03-19,2.27,1.69,2.88
South Carolina,2020-03-20,2.29,1.79,2.8000000000000003
South Carolina,2020-03-21,2.13,1.69,2.57
South Carolina,2020-03-22,2.02,1.6300000000000001,2.4
South Carolina,2020-03-23,1.85,1.52,2.22
South Carolina,2020-03-24,1.7,1.3900000000000001,2.0300000000000002
South Carolina,2020-03-25,1.59,1.3,1.8900000000000001
South Carolina,2020-03-26,1.54,1.26,1.81
South Carolina,2020-03-27,1.49,1.23,1.75
South Carolina,2020-03-28,1.52,1.28,1.77
South Carolina,2020-03-29,1.54,1.32,1.78
South Carolina,2020-03-30,1.61,1.3900000000000001,1.81
South Carolina,2020-03-31,1.61,1.41,1.8
South Carolina,2020-04-01,1.57,1.4000000000000001,1.77
South Carolina,2020-04-02,1.49,1.33,1.68
South Carolina,2020-04-03,1.3900000000000001,1.23,1.56
South Carolina,2020-04-04,1.28,1.1300000000000001,1.45
South Carolina,2020-04-05,1.16,1.01,1.32
South Carolina,2020-04-06,1.07,0.92,1.23
South Carolina,2020-04-07,1.04,0.89,1.2
South Carolina,2020-04-08,1.01,0.86,1.17
South Carolina,2020-04-09,1.0,0.85,1.16
South Carolina,2020-04-10,0.98,0.8300000000000001,1.1400000000000001
South Carolina,2020-04-11,0.9500000000000001,0.79,1.1
South Carolina,2020-04-12,0.91,0.76,1.07
South Carolina,2020-04-13,0.86,0.7000000000000001,1.02
South Carolina,2020-04-14,0.76,0.6,0.93
South Carolina,2020-04-15,0.71,0.55,0.89
South Dakota,2020-03-10,2.0,0.34,6.43
South Dakota,2020-03-11,1.74,0.4,4.13
South Dakota,2020-03-12,1.41,0.34,3.3000000000000003
South Dakota,2020-03-13,1.23,0.29,2.9
South Dakota,2020-03-14,1.23,0.28,2.82
South Dakota,2020-03-15,1.22,0.28,2.7600000000000002
South Dakota,2020-03-16,1.21,0.3,2.73
South Dakota,2020-03-17,0.65,0.0,2.62
South Dakota,2020-03-18,0.62,0.0,2.69
South Dakota,2020-03-19,1.3800000000000001,0.0,3.22
South Dakota,2020-03-20,1.96,0.1,3.65
South Dakota,2020-03-21,2.22,0.43,3.85
South Dakota,2020-03-22,2.41,0.84,3.85
South Dakota,2020-03-23,2.15,0.79,3.4
South Dakota,2020-03-24,2.07,0.91,3.21
South Dakota,2020-03-25,1.98,0.93,2.96
South Dakota,2020-03-26,1.95,1.04,2.85
South Dakota,2020-03-27,1.85,1.04,2.67
South Dakota,2020-03-28,1.74,0.99,2.47
South Dakota,2020-03-29,1.59,0.91,2.29
South Dakota,2020-03-30,1.62,0.97,2.24
South Dakota,2020-03-31,1.56,0.97,2.16
South Dakota,2020-04-01,1.57,1.03,2.14
South Dakota,2020-04-02,1.53,1.03,2.07
South Dakota,2020-04-03,1.53,1.06,2.0300000000000002
South Dakota,2020-04-04,1.52,1.08,1.99
South Dakota,2020-04-05,1.56,1.1400000000000001,1.99
South Dakota,2020-04-06,1.55,1.16,1.95
South Dakota,2020-04-07,1.61,1.23,1.96
South Dakota,2020-04-08,1.6300000000000001,1.3,1.98
South Dakota,2020-04-09,1.6500000000000001,1.35,1.98
South Dakota,2020-04-10,1.6600000000000001,1.3800000000000001,1.96
South Dakota,2020-04-11,1.6600000000000001,1.4000000000000001,1.93
South Dakota,2020-04-12,1.6500000000000001,1.41,1.9000000000000001
South Dakota,2020-04-13,1.61,1.3800000000000001,1.83
South Dakota,2020-04-14,1.54,1.34,1.77
South Dakota,2020-04-15,1.48,1.28,1.68
Tennessee,2020-03-05,2.0,0.34,6.43
Tennessee,2020-03-06,1.8800000000000001,0.38,5.01
Tennessee,2020-03-07,2.17,0.51,4.99
Tennessee,2020-03-08,1.96,0.5,4.24
Tennessee,2020-03-09,2.35,0.72,4.39
Tennessee,2020-03-10,2.43,0.87,4.11
Tennessee,2020-03-11,2.49,1.09,3.9
Tennessee,2020-03-12,2.46,1.12,3.75
Tennessee,2020-03-13,2.23,1.08,3.33
Tennessee,2020-03-14,2.13,1.1500000000000001,3.11
Tennessee,2020-03-15,2.17,1.32,3.0100000000000002
Tennessee,2020-03-16,2.22,1.49,2.94
Tennessee,2020-03-17,2.39,1.78,3.0
Tennessee,2020-03-18,2.42,1.9100000000000001,2.93
Tennessee,2020-03-19,2.4,1.98,2.84
Tennessee,2020-03-20,2.3000000000000003,1.94,2.67
Tennessee,2020-03-21,2.18,1.87,2.5
Tennessee,2020-03-22,2.04,1.76,2.31
Tennessee,2020-03-23,1.9100000000000001,1.67,2.17
Tennessee,2020-03-24,1.79,1.57,2.02
Tennessee,2020-03-25,1.68,1.48,1.8900000000000001
Tennessee,2020-03-26,1.59,1.3900000000000001,1.77
Tennessee,2020-03-27,1.49,1.31,1.67
Tennessee,2020-03-28,1.43,1.26,1.6
Tennessee,2020-03-29,1.48,1.32,1.6400000000000001
Tennessee,2020-03-30,1.49,1.33,1.6300000000000001
Tennessee,2020-03-31,1.46,1.33,1.62
Tennessee,2020-04-01,1.4000000000000001,1.26,1.53
Tennessee,2020-04-02,1.3,1.17,1.43
Tennessee,2020-04-03,1.21,1.08,1.34
Tennessee,2020-04-04,1.12,0.99,1.24
Tennessee,2020-04-05,0.99,0.86,1.11
Tennessee,2020-04-06,0.93,0.81,1.07
Tennessee,2020-04-07,0.89,0.76,1.02
Tennessee,2020-04-08,0.86,0.73,0.99
Tennessee,2020-04-09,0.87,0.74,1.01
Tennessee,2020-04-10,0.93,0.8,1.07
Tennessee,2020-04-11,0.97,0.84,1.11
Tennessee,2020-04-12,1.01,0.88,1.1500000000000001
Tennessee,2020-04-13,0.99,0.85,1.12
Tennessee,2020-04-14,0.9500000000000001,0.81,1.08
Tennessee,2020-04-15,0.9500000000000001,0.81,1.08
Texas,2020-03-02,2.0,0.34,6.43
Texas,2020-03-03,2.35,0.48,5.72
Texas,2020-03-04,2.43,0.64,4.98
Texas,2020-03-05,2.35,0.72,4.39
Texas,2020-03-06,2.0300000000000002,0.63,3.71
Texas,2020-03-07,2.0,0.7000000000000001,3.5100000000000002
Texas,2020-03-08,1.95,0.75,3.31
Texas,2020-03-09,1.86,0.42,3.15
Texas,2020-03-10,1.92,0.65,3.15
Texas,2020-03-11,1.99,0.8300000000000001,3.0500000000000003
Texas,2020-03-12,1.99,0.99,2.96
Texas,2020-03-13,1.94,1.06,2.81
Texas,2020-03-14,1.8,0.99,2.57
Texas,2020-03-15,1.93,1.23,2.64
Texas,2020-03-16,2.16,1.55,2.77
Texas,2020-03-17,2.42,1.9100000000000001,2.93
Texas,2020-03-18,2.59,2.18,3.02
Texas,2020-03-19,2.48,2.14,2.84
Texas,2020-03-20,2.2800000000000002,1.99,2.59
Texas,2020-03-21,2.06,1.8,2.32
Texas,2020-03-22,1.9000000000000001,1.68,2.15
Texas,2020-03-23,1.86,1.6600000000000001,2.08
Texas,2020-03-24,1.85,1.67,2.05
Texas,2020-03-25,1.79,1.62,1.96
Texas,2020-03-26,1.78,1.6300000000000001,1.94
Texas,2020-03-27,1.71,1.57,1.86
Texas,2020-03-28,1.6600000000000001,1.53,1.79
Texas,2020-03-29,1.62,1.49,1.73
Texas,2020-03-30,1.56,1.45,1.68
Texas,2020-03-31,1.52,1.41,1.62
Texas,2020-04-01,1.51,1.41,1.61
Texas,2020-04-02,1.43,1.34,1.53
Texas,2020-04-03,1.42,1.33,1.51
Texas,2020-04-04,1.3800000000000001,1.3,1.47
Texas,2020-04-05,1.35,1.27,1.44
Texas,2020-04-06,1.35,1.27,1.43
Texas,2020-04-07,1.32,1.24,1.3900000000000001
Texas,2020-04-08,1.27,1.2,1.35
Texas,2020-04-09,1.24,1.16,1.3
Texas,2020-04-10,1.1500000000000001,1.08,1.22
Texas,2020-04-11,1.08,1.01,1.1500000000000001
Texas,2020-04-12,1.01,0.9400000000000001,1.08
Texas,2020-04-13,0.92,0.85,0.99
Texas,2020-04-14,0.88,0.81,0.9500000000000001
Texas,2020-04-15,0.84,0.77,0.92
Utah,2020-03-04,2.0,0.34,6.43
Utah,2020-03-05,1.8800000000000001,0.38,5.01
Utah,2020-03-06,1.8,0.38,4.45
Utah,2020-03-07,1.74,0.4,4.13
Utah,2020-03-08,1.69,0.37,3.85
Utah,2020-03-09,1.6400000000000001,0.4,3.7
Utah,2020-03-10,1.61,0.41000000000000003,3.56
Utah,2020-03-11,2.43,0.14,4.39
Utah,2020-03-12,2.88,0.8300000000000001,4.7
Utah,2020-03-13,2.94,1.34,4.44
Utah,2020-03-14,2.72,1.45,3.95
Utah,2020-03-15,2.49,1.43,3.5
Utah,2020-03-16,2.24,1.33,3.1
Utah,2020-03-17,2.18,1.41,2.94
Utah,2020-03-18,1.97,1.3,2.66
Utah,2020-03-19,1.95,1.35,2.56
Utah,2020-03-20,1.99,1.47,2.54
Utah,2020-03-21,1.95,1.49,2.44
Utah,2020-03-22,1.9000000000000001,1.49,2.34
Utah,2020-03-23,1.81,1.42,2.18
Utah,2020-03-24,1.7,1.35,2.05
Utah,2020-03-25,1.68,1.35,1.99
Utah,2020-03-26,1.6400000000000001,1.36,1.96
Utah,2020-03-27,1.58,1.31,1.86
Utah,2020-03-28,1.53,1.28,1.8
Utah,2020-03-29,1.47,1.23,1.72
Utah,2020-03-30,1.3800000000000001,1.1500000000000001,1.62
Utah,2020-03-31,1.35,1.1300000000000001,1.58
Utah,2020-04-01,1.31,1.1,1.53
Utah,2020-04-02,1.31,1.1,1.51
Utah,2020-04-03,1.29,1.09,1.49
Utah,2020-04-04,1.23,1.05,1.44
Utah,2020-04-05,1.16,0.97,1.35
Utah,2020-04-06,1.11,0.93,1.31
Utah,2020-04-07,1.04,0.85,1.22
Utah,2020-04-08,0.98,0.79,1.16
Utah,2020-04-09,0.91,0.73,1.11
Utah,2020-04-10,0.86,0.67,1.06
Utah,2020-04-11,0.8,0.62,1.02
Utah,2020-04-12,0.79,0.6,1.01
Utah,2020-04-13,0.81,0.61,1.03
Utah,2020-04-14,0.85,0.64,1.06
Utah,2020-04-15,0.89,0.68,1.11
Vermont,2020-03-11,2.0,0.34,6.43
Vermont,2020-03-12,2.35,0.48,5.72
Vermont,2020-03-13,2.43,0.64,4.98
Vermont,2020-03-14,2.35,0.72,4.39
Vermont,2020-03-15,2.23,0.75,3.92
Vermont,2020-03-16,2.11,0.77,3.56
Vermont,2020-03-17,2.12,0.9,3.42
Vermont,2020-03-18,2.19,0.9,3.42
Vermont,2020-03-19,1.99,0.8300000000000001,3.0500000000000003
Vermont,2020-03-20,2.05,1.03,2.98
Vermont,2020-03-21,2.07,1.21,2.92
Vermont,2020-03-22,2.0300000000000002,1.27,2.77
Vermont,2020-03-23,2.05,1.4000000000000001,2.72
Vermont,2020-03-24,1.94,1.36,2.5300000000000002
Vermont,2020-03-25,1.82,1.3,2.36
Vermont,2020-03-26,1.72,1.25,2.22
Vermont,2020-03-27,1.53,1.07,1.97
Vermont,2020-03-28,1.41,0.99,1.85
Vermont,2020-03-29,1.3,0.89,1.72
Vermont,2020-03-30,1.17,0.77,1.58
Vermont,2020-03-31,1.12,0.73,1.53
Vermont,2020-04-01,1.1500000000000001,0.76,1.54
Vermont,2020-04-02,1.21,0.8300000000000001,1.59
Vermont,2020-04-03,1.31,0.93,1.6600000000000001
Vermont,2020-04-04,1.32,0.97,1.68
Vermont,2020-04-05,1.29,0.9500000000000001,1.6300000000000001
Vermont,2020-04-06,1.22,0.88,1.54
Vermont,2020-04-07,1.1300000000000001,0.81,1.46
Vermont,2020-04-08,1.02,0.7000000000000001,1.35
Vermont,2020-04-09,0.92,0.6,1.26
Vermont,2020-04-10,0.8200000000000001,0.49,1.16
Vermont,2020-04-11,0.72,0.39,1.09
Vermont,2020-04-12,0.63,0.27,1.0
Vermont,2020-04-13,0.58,0.2,0.96
Vermont,2020-04-14,0.5,0.11,0.9
Vermont,2020-04-15,0.44,0.05,0.85
Virginia,2020-03-07,2.0,0.34,6.43
Virginia,2020-03-08,1.69,0.37,3.85
Virginia,2020-03-09,1.94,0.55,3.75
Virginia,2020-03-10,2.0,0.7000000000000001,3.5100000000000002
Virginia,2020-03-11,2.08,0.9,3.38
Virginia,2020-03-12,2.05,0.99,3.13
Virginia,2020-03-13,1.92,1.01,2.88
Virginia,2020-03-14,1.8,0.91,2.71
Virginia,2020-03-15,1.71,0.88,2.52
Virginia,2020-03-16,1.6,0.8300000000000001,2.35
Virginia,2020-03-17,1.56,0.84,2.2600000000000002
Virginia,2020-03-18,1.6,0.9500000000000001,2.27
Virginia,2020-03-19,1.78,1.17,2.36
Virginia,2020-03-20,1.8800000000000001,1.35,2.42
Virginia,2020-03-21,1.8900000000000001,1.42,2.38
Virginia,2020-03-22,1.94,1.52,2.37
Virginia,2020-03-23,2.09,1.71,2.45
Virginia,2020-03-24,2.0,1.68,2.34
Virginia,2020-03-25,1.93,1.6500000000000001,2.24
Virginia,2020-03-26,1.82,1.56,2.09
Virginia,2020-03-27,1.7,1.47,1.96
Virginia,2020-03-28,1.6600000000000001,1.44,1.8900000000000001
Virginia,2020-03-29,1.6300000000000001,1.42,1.83
Virginia,2020-03-30,1.55,1.36,1.75
Virginia,2020-03-31,1.58,1.41,1.77
Virginia,2020-04-01,1.57,1.41,1.75
Virginia,2020-04-02,1.54,1.3800000000000001,1.69
Virginia,2020-04-03,1.5,1.36,1.6600000000000001
Virginia,2020-04-04,1.45,1.32,1.6
Virginia,2020-04-05,1.3900000000000001,1.26,1.53
Virginia,2020-04-06,1.35,1.22,1.47
Virginia,2020-04-07,1.3,1.18,1.43
Virginia,2020-04-08,1.28,1.16,1.4000000000000001
Virginia,2020-04-09,1.25,1.1400000000000001,1.37
Virginia,2020-04-10,1.24,1.12,1.34
Virginia,2020-04-11,1.19,1.08,1.3
Virginia,2020-04-12,1.16,1.05,1.27
Virginia,2020-04-13,1.11,1.0,1.21
Virginia,2020-04-14,1.06,0.96,1.17
Virginia,2020-04-15,0.99,0.89,1.1
Washington,2020-02-21,2.0,0.34,6.43
Washington,2020-02-22,1.8800000000000001,0.38,5.01
Washington,2020-02-23,2.17,0.51,4.99
Washington,2020-02-24,1.96,0.5,4.24
Washington,2020-02-25,1.83,0.46,3.79
Washington,2020-02-26,1.73,0.46,3.52
Washington,2020-02-27,1.84,0.55,3.5300000000000002
Washington,2020-02-28,2.07,0.27,3.73
Washington,2020-02-29,2.38,0.74,3.91
Washington,2020-03-01,2.39,1.0,3.7
Washington,2020-03-02,2.54,1.4000000000000001,3.63
Washington,2020-03-03,2.46,1.52,3.38
Washington,2020-03-04,2.35,1.57,3.14
Washington,2020-03-05,2.16,1.49,2.85
Washington,2020-03-06,2.04,1.44,2.63
Washington,2020-03-07,2.08,1.55,2.59
Washington,2020-03-08,2.05,1.59,2.5
Washington,2020-03-09,2.02,1.62,2.42
Washington,2020-03-10,1.98,1.6300000000000001,2.34
Washington,2020-03-11,1.8800000000000001,1.57,2.21
Washington,2020-03-12,1.76,1.47,2.05
Washington,2020-03-13,1.6600000000000001,1.4000000000000001,1.94
Washington,2020-03-14,1.53,1.28,1.78
Washington,2020-03-15,1.45,1.22,1.69
Washington,2020-03-16,1.41,1.19,1.6400000000000001
Washington,2020-03-17,1.3900000000000001,1.18,1.61
Washington,2020-03-18,1.42,1.23,1.6400000000000001
Washington,2020-03-19,1.46,1.28,1.67
Washington,2020-03-20,1.48,1.3,1.6600000000000001
Washington,2020-03-21,1.52,1.35,1.69
Washington,2020-03-22,1.48,1.32,1.6400000000000001
Washington,2020-03-23,1.5,1.35,1.6500000000000001
Washington,2020-03-24,1.53,1.3900000000000001,1.67
Washington,2020-03-25,1.55,1.41,1.67
Washington,2020-03-26,1.58,1.46,1.71
Washington,2020-03-27,1.53,1.42,1.6500000000000001
Washington,2020-03-28,1.41,1.3,1.52
Washington,2020-03-29,1.31,1.2,1.41
Washington,2020-03-30,1.21,1.11,1.32
Washington,2020-03-31,1.12,1.02,1.22
Washington,2020-04-01,1.09,0.99,1.19
Washington,2020-04-02,1.05,0.9500000000000001,1.1500000000000001
Washington,2020-04-03,1.04,0.9400000000000001,1.1400000000000001
Washington,2020-04-04,1.04,0.9500000000000001,1.1500000000000001
Washington,2020-04-05,1.04,0.9500000000000001,1.1500000000000001
Washington,2020-04-06,1.01,0.92,1.12
Washington,2020-04-07,1.0,0.91,1.11
Washington,2020-04-08,0.9400000000000001,0.84,1.04
Washington,2020-04-09,0.85,0.75,0.9500000000000001
Washington,2020-04-10,0.76,0.66,0.87
Washington,2020-04-11,0.68,0.58,0.8
Washington,2020-04-12,0.62,0.51,0.74
Washington,2020-04-13,0.58,0.47000000000000003,0.71
Washington,2020-04-14,0.51,0.38,0.63
Washington,2020-04-15,0.42,0.29,0.56
West Virginia,2020-03-17,2.0,0.34,6.43
West Virginia,2020-03-18,1.96,0.5,4.24
West Virginia,2020-03-19,1.8900000000000001,0.54,3.62
West Virginia,2020-03-20,1.68,0.53,3.14
West Virginia,2020-03-21,1.8900000000000001,0.74,3.21
West Virginia,2020-03-22,2.04,0.96,3.18
West Virginia,2020-03-23,2.17,1.22,3.15
West Virginia,2020-03-24,2.21,1.35,3.0700000000000003
West Virginia,2020-03-25,2.15,1.41,2.9
West Virginia,2020-03-26,1.95,1.28,2.6
West Virginia,2020-03-27,1.81,1.2,2.39
West Virginia,2020-03-28,1.6,1.05,2.16
West Virginia,2020-03-29,1.47,0.9500000000000001,2.0
West Virginia,2020-03-30,1.35,0.86,1.86
West Virginia,2020-03-31,1.28,0.81,1.78
West Virginia,2020-04-01,1.25,0.79,1.73
West Virginia,2020-04-02,1.3,0.85,1.75
West Virginia,2020-04-03,1.3,0.87,1.74
West Virginia,2020-04-04,1.3900000000000001,0.99,1.82
West Virginia,2020-04-05,1.46,1.07,1.85
West Virginia,2020-04-06,1.48,1.12,1.86
West Virginia,2020-04-07,1.44,1.1,1.8
West Virginia,2020-04-08,1.36,1.03,1.7
West Virginia,2020-04-09,1.23,0.91,1.56
West Virginia,2020-04-10,1.1400000000000001,0.8300000000000001,1.47
West Virginia,2020-04-11,1.03,0.72,1.36
West Virginia,2020-04-12,0.93,0.61,1.25
West Virginia,2020-04-13,0.87,0.54,1.19
West Virginia,2020-04-14,0.85,0.52,1.18
West Virginia,2020-04-15,0.8300000000000001,0.5,1.18
Wisconsin,2020-03-08,2.0,0.34,6.43
Wisconsin,2020-03-09,2.35,0.48,5.72
Wisconsin,2020-03-10,2.87,0.85,5.46
Wisconsin,2020-03-11,3.0300000000000002,1.19,4.94
Wisconsin,2020-03-12,2.7800000000000002,1.33,4.3
Wisconsin,2020-03-13,2.63,1.43,3.85
Wisconsin,2020-03-14,2.49,1.48,3.48
Wisconsin,2020-03-15,2.45,1.58,3.3200000000000003
Wisconsin,2020-03-16,2.49,1.75,3.19
Wisconsin,2020-03-17,2.43,1.83,3.04
Wisconsin,2020-03-18,2.35,1.83,2.85
Wisconsin,2020-03-19,2.3000000000000003,1.87,2.74
Wisconsin,2020-03-20,2.1,1.73,2.49
Wisconsin,2020-03-21,1.92,1.59,2.27
Wisconsin,2020-03-22,1.8,1.5,2.11
Wisconsin,2020-03-23,1.69,1.41,1.97
Wisconsin,2020-03-24,1.6600000000000001,1.41,1.93
Wisconsin,2020-03-25,1.61,1.3800000000000001,1.86
Wisconsin,2020-03-26,1.51,1.29,1.74
Wisconsin,2020-03-27,1.45,1.25,1.68
Wisconsin,2020-03-28,1.36,1.16,1.57
Wisconsin,2020-03-29,1.28,1.08,1.47
Wisconsin,2020-03-30,1.24,1.05,1.43
Wisconsin,2020-03-31,1.21,1.02,1.3900000000000001
Wisconsin,2020-04-01,1.2,1.02,1.3800000000000001
Wisconsin,2020-04-02,1.21,1.03,1.3800000000000001
Wisconsin,2020-04-03,1.19,1.03,1.3800000000000001
Wisconsin,2020-04-04,1.2,1.04,1.3800000000000001
Wisconsin,2020-04-05,1.17,1.01,1.34
Wisconsin,2020-04-06,1.1300000000000001,0.97,1.3
Wisconsin,2020-04-07,1.07,0.91,1.23
Wisconsin,2020-04-08,1.0,0.84,1.16
Wisconsin,2020-04-09,0.9500000000000001,0.78,1.1
Wisconsin,2020-04-10,0.9,0.74,1.07
Wisconsin,2020-04-11,0.87,0.7000000000000001,1.03
Wisconsin,2020-04-12,0.86,0.6900000000000001,1.03
Wisconsin,2020-04-13,0.87,0.6900000000000001,1.03
Wisconsin,2020-04-14,0.87,0.7000000000000001,1.05
Wisconsin,2020-04-15,0.9,0.72,1.07
Wyoming,2020-03-11,2.0,0.34,6.43
Wyoming,2020-03-12,1.8800000000000001,0.38,5.01
Wyoming,2020-03-13,2.17,0.51,4.99
Wyoming,2020-03-14,2.64,0.79,4.99
Wyoming,2020-03-15,2.4,0.77,4.2
Wyoming,2020-03-16,2.21,0.8300000000000001,3.7800000000000002
Wyoming,2020-03-17,2.07,0.8200000000000001,3.41
Wyoming,2020-03-18,1.83,0.44,3.13
Wyoming,2020-03-19,1.58,0.31,2.77
Wyoming,2020-03-20,1.31,0.17,2.43
Wyoming,2020-03-21,1.2,0.12,2.27
Wyoming,2020-03-22,1.28,0.19,2.35
Wyoming,2020-03-23,1.42,0.34,2.49
Wyoming,2020-03-24,1.59,0.55,2.6
Wyoming,2020-03-25,1.75,0.8,2.68
Wyoming,2020-03-26,1.78,0.92,2.63
Wyoming,2020-03-27,1.69,0.91,2.48
Wyoming,2020-03-28,1.59,0.87,2.33
Wyoming,2020-03-29,1.51,0.84,2.21
Wyoming,2020-03-30,1.45,0.81,2.1
Wyoming,2020-03-31,1.3800000000000001,0.77,2.0
Wyoming,2020-04-01,1.33,0.74,1.92
Wyoming,2020-04-02,1.3,0.74,1.8800000000000001
Wyoming,2020-04-03,1.26,0.71,1.81
Wyoming,2020-04-04,1.17,0.64,1.72
Wyoming,2020-04-05,1.09,0.5700000000000001,1.6400000000000001
Wyoming,2020-04-06,0.96,0.44,1.51
Wyoming,2020-04-07,0.87,0.33,1.41
Wyoming,2020-04-08,0.76,0.22,1.32
Wyoming,2020-04-09,0.71,0.16,1.28
Wyoming,2020-04-10,0.68,0.12,1.26
Wyoming,2020-04-11,0.71,0.12,1.3
Wyoming,2020-04-12,0.68,0.09,1.29
Wyoming,2020-04-13,0.75,0.12,1.3800000000000001
Wyoming,2020-04-14,0.73,0.1,1.3800000000000001
Wyoming,2020-04-15,0.74,0.09,1.4000000000000001
